Party,State,Representative,PctPro,year,vote
D,Arizona,Mitchell,100,Pro07,20
D,California,Tauscher,98,Pro07,20
D,California,Stark,100,Pro07,20
D,California,Lofgren,100,Pro07,20
D,California,Waters,98,Pro07,20
D,Colorado,Murphy.Chris,100,Pro07,20
D,Illinois,Schakowsky,97.96,Pro07,20
D,Kentucky,Yarmuth,100,Pro07,20
D,Kentucky,Chandler,92,Pro07,20
D,Maine,Allen.T.,98,Pro07,20
D,Maine,Michaud,94,Pro07,20
D,Maryland,Wynn,86,Pro07,20
D,Massachusetts,Olver,100,Pro07,20
D,Massachusetts,McGovern,100,Pro07,20
D,Massachusetts,Tierney,100,Pro07,20
D,Minnesota,Sabo,94,Pro07,20
D,New.Hampshire,Hodes,100,Pro07,20
D,New.Jersey,Andrews,100,Pro07,20
D,New.Jersey,Pallone,100,Pro07,20
D,New.Jersey,Pascrell,96,Pro07,20
D,New.Jersey,Holt,100,Pro07,20
D,New.Mexico,Udall.T,100,Pro07,20
D,New.York,Bishop.T,97.96,Pro07,20
D,New.York,Israel,96,Pro07,20
D,New.York,McCarthy,98,Pro07,20
D,New.York,Maloney,98,Pro07,20
D,Oregon,Wu,100,Pro07,20
D,Oregon,Blumenauer,98,Pro07,20
D,Pennsylvania,Sestak,100,Pro07,20
D,Wisconsin,Baldwin,100,Pro07,20
D,Arizona,Giffords,95,Pro07,19
D,California,Matsui,95.92,Pro07,19
D,California,Woolsey,98,Pro07,19
D,California,Miller,98,Pro07,19
D,California,Lee,95.92,Pro07,19
D,California,Capps,97.96,Pro07,19
D,California,Sherman,98,Pro07,19
D,California,Schiff,96,Pro07,19
D,California,Waxman,98,Pro07,19
D,California,Solis,96,Pro07,19
D,California,Sanchez.Linda,96,Pro07,19
D,California,Davis,97.96,Pro07,19
D,Colorado,DeGette,98,Pro07,19
D,Colorado,Udall.M,98,Pro07,19
D,Colorado,Courtney,95,Pro07,19
D,Florida,Castor,95,Pro07,19
D,Georgia,Johnson.H,95,Pro07,19
D,Georgia,Lewis.John,97.96,Pro07,19
D,Illinois,Jackson.J,94,Pro07,19
D,Illinois,Davis.D,89.8,Pro07,19
D,Maryland,Cummings,92,Pro07,19
D,Maryland,VanHollen,98,Pro07,19
D,Massachusetts,Neal,95.92,Pro07,19
D,Massachusetts,Markey,98,Pro07,19
D,Massachusetts,Capuano,96,Pro07,19
D,Minnesota,McCollum,98,Pro07,19
D,New.York,Crowley,96,Pro07,19
D,New.York,Nadler,96,Pro07,19
D,New.York,Lowey,96,Pro07,19
D,New.York,Hall.J,95,Pro07,19
D,New.York,Gillibrand,95,Pro07,19
D,New.York,McNulty,96,Pro07,19
D,New.York,Hinchey,95.92,Pro07,19
D,New.York,Higgins,94,Pro07,19
D,New.York,Slaughter,93.88,Pro07,19
D,North.Carolina,Price.D,94,Pro07,19
D,North.Carolina,Watt,94,Pro07,19
D,Oregon,DeFazio,94,Pro07,19
D,Pennsylvania,Schwartz.A,96,Pro07,19
D,Rhode.Island,Langevin,98,Pro07,19
D,Tennessee,Cohen,100,Pro07,19
D,Vermont,Welch,95,Pro07,19
D,Virginia,Moran.James,92,Pro07,19
D,Washington,Insleee,98,Pro07,19
D,Washington,Baird,92,Pro07,19
D,Washington,Dicks,89.58,Pro07,19
D,Washington,McDermott,96,Pro07,19
D,Wisconsin,Kind,96,Pro07,19
D,Wisconsin,Moore.G,98,Pro07,19
D,California,Woolsey,98,Pro05,18
D,California,Miller,98,Pro05,18
D,California,Stark,100,Pro05,18
D,California,Lofgren,100,Pro05,18
D,California,Farr,96,Pro05,18
D,California,Sherman,98,Pro05,18
D,California,Waxman,98,Pro05,18
D,California,Watson,96,Pro05,18
D,California,Davis,97.96,Pro05,18
D,Colorado,DeGette,98,Pro05,18
D,Colorado,Udall.M,98,Pro05,18
D,Colorado,DeLauro,94,Pro05,18
D,Florida,Wexler,94,Pro05,18
D,Georgia,McKinney,100,Pro05,18
D,Maine,Michaud,94,Pro05,18
D,Maryland,VanHollen,98,Pro05,18
D,Massachusetts,McGovern,100,Pro05,18
D,Massachusetts,Tierney,100,Pro05,18
D,Massachusetts,Markey,98,Pro05,18
D,Minnesota,McCollum,98,Pro05,18
D,Nevada,Berkley,90,Pro05,18
D,New.Jersey,Pallone,100,Pro05,18
D,New.Jersey,Holt,100,Pro05,18
D,New.Jersey,Menendez,100,Pro05,18
D,New.Mexico,Udall.T,100,Pro05,18
D,New.York,Crowley,96,Pro05,18
D,New.York,Maloney,98,Pro05,18
D,Ohio,Kucinich,92,Pro05,18
D,Ohio,Brown.S,100,Pro05,18
D,Oregon,Wu,100,Pro05,18
D,Oregon,Blumenauer,98,Pro05,18
D,Oregon,DeFazio,94,Pro05,18
D,Oregon,Hooley,92,Pro05,18
D,Rhode.Island,Kennedy.P,95.24,Pro05,18
D,Rhode.Island,Langevin,98,Pro05,18
D,Washington,Insleee,98,Pro05,18
D,Washington,Smith.A,96,Pro05,18
D,Wisconsin,Baldwin,100,Pro05,18
D,Wisconsin,Kind,96,Pro05,18
D,Wisconsin,Moore.G,98,Pro05,18
D,Wisconsin,Obey,96,Pro05,18
D,Arizona,Pastor,92,Pro07,18
D,Arizona,Grijalva,94,Pro07,18
D,California,Thompson,92,Pro07,18
D,California,McNerney,90,Pro07,18
D,California,Eshoo,95.92,Pro07,18
D,California,Honda,95.92,Pro07,18
D,California,Farr,96,Pro07,18
D,California,Watson,96,Pro07,18
D,California,Harman,93.62,Pro07,18
D,California,Napolitano,92,Pro07,18
D,California,Sanchez.Loretta,95.92,Pro07,18
D,California,Filner,93.75,Pro07,18
D,Colorado,Perlmutter,90,Pro07,18
D,Colorado,Larson.J,92.68,Pro07,18
D,Florida,Wasserman.Schultz,94,Pro07,18
D,Florida,Hastings.A,93.75,Pro07,18
D,Hawaii,Hirono,90,Pro07,18
D,Illinois,Lipinski,88,Pro07,18
D,Illinois,Emanuel,91.3,Pro07,18
D,Iowa,Loebsack,90,Pro07,18
D,Maryland,Hoyer,90,Pro07,18
D,Massachusetts,Lynch,94,Pro07,18
D,Massachusetts,Delahunt,91.49,Pro07,18
D,Michigan,Levin.S,92,Pro07,18
D,Michigan,Dingell,92,Pro07,18
D,Missouri,Carnahan,92,Pro07,18
D,New.Hampshire,Shea-Porter,90,Pro07,18
D,New.Jersey,Rothman,95.92,Pro07,18
D,New.York,Meeks.G,82,Pro07,18
D,New.York,Weiner,93.88,Pro07,18
D,New.York,Towns,76.6,Pro07,18
D,New.York,Rangel,94,Pro07,18
D,New.York,Arcuri,90,Pro07,18
D,North.Carolina,Miller.B,92,Pro07,18
D,Pennsylvania,Fattah,93.88,Pro07,18
D,Pennsylvania,Murphy.P,90,Pro07,18
D,Rhode.Island,Kennedy.P,95.24,Pro07,18
D,Texas,Jackson-Lee.S,77.55,Pro07,18
D,Texas,Doggett,95.92,Pro07,18
D,Virginia,Scott.B,90,Pro07,18
D,Washington,Smith.A,96,Pro07,18
D,Wisconsin,Obey,96,Pro07,18
D,Wisconsin,Kagen,90,Pro07,18
D,Arizona,Pastor,92,Pro05,17
D,Arizona,Grijalva,94,Pro05,17
D,California,Thompson,92,Pro05,17
D,California,Pelosi,100,Pro05,17
D,California,Tauscher,98,Pro05,17
D,California,Lantos,89.8,Pro05,17
D,California,Eshoo,95.92,Pro05,17
D,California,Honda,95.92,Pro05,17
D,California,Capps,97.96,Pro05,17
D,California,Berman,92,Pro05,17
D,California,Schiff,96,Pro05,17
D,California,Becerra,92,Pro05,17
D,California,Solis,96,Pro05,17
D,California,Waters,98,Pro05,17
D,California,Millender-McDonald,90.63,Pro05,17
D,California,Sanchez.Linda,96,Pro05,17
D,California,Sanchez.Loretta,95.92,Pro05,17
D,Florida,Brown.C,90,Pro05,17
D,Florida,Wasserman.Schultz,94,Pro05,17
D,Georgia,Lewis.John,97.96,Pro05,17
D,Illinois,Jackson.J,94,Pro05,17
D,Maine,Allen.T.,98,Pro05,17
D,Maryland,Cardin,100,Pro05,17
D,Massachusetts,Olver,100,Pro05,17
D,Massachusetts,Frank.B,90,Pro05,17
D,Massachusetts,Meehan,95.35,Pro05,17
D,Massachusetts,Capuano,96,Pro05,17
D,Massachusetts,Lynch,94,Pro05,17
D,New.Jersey,Rothman,95.92,Pro05,17
D,New.York,Bishop.T,97.96,Pro05,17
D,New.York,Israel,96,Pro05,17
D,New.York,McCarthy,98,Pro05,17
D,New.York,Ackerman,91.84,Pro05,17
D,New.York,Nadler,96,Pro05,17
D,New.York,Rangel,94,Pro05,17
D,New.York,Serrano,92,Pro05,17
D,New.York,Engel,92,Pro05,17
D,New.York,Lowey,96,Pro05,17
D,New.York,McNulty,96,Pro05,17
D,New.York,Higgins,94,Pro05,17
D,North.Carolina,Price.D,94,Pro05,17
D,North.Carolina,Watt,94,Pro05,17
D,North.Carolina,Miller.B,92,Pro05,17
D,Pennsylvania,Schwartz.A,96,Pro05,17
D,Texas,Doggett,95.92,Pro05,17
D,Washington,Baird,92,Pro05,17
D,Washington,McDermott,96,Pro05,17
D,Arkansas,Snyder,85.71,Pro07,17
D,California,Berman,92,Pro07,17
D,California,Becerra,92,Pro07,17
D,California,Roybal-Allard,91.84,Pro07,17
D,California,Baca,73.47,Pro07,17
D,Colorado,DeLauro,94,Pro07,17
D,Florida,Brown.C,90,Pro07,17
D,Florida,Meek.K,88,Pro07,17
D,Florida,Wexler,94,Pro07,17
D,Illinois,Rush,77.08,Pro07,17
D,Illinois,Bean,82,Pro07,17
D,Illinois,Hare,85,Pro07,17
D,Indiana,Visclosky,82,Pro07,17
D,Indiana,Donnelly,85,Pro07,17
D,Indiana,Hill.B,85,Pro07,17
D,Iowa,Braley,85,Pro07,17
D,Kansas,Moore.D,84,Pro07,17
D,Maryland,Sarbanes,85,Pro07,17
D,Michigan,Conyers,90,Pro07,17
D,Minnesota,Walz,85,Pro07,17
D,Mississippi,Thompson.B,74,Pro07,17
D,Missouri,Cleaver,87.5,Pro07,17
D,New.York,Ackerman,91.84,Pro07,17
D,New.York,Velazquez,89.13,Pro07,17
D,New.York,Serrano,92,Pro07,17
D,New.York,Engel,92,Pro07,17
D,North.Carolina,Etheridge,84,Pro07,17
D,North.Dakota,Pomeroy,70,Pro07,17
D,Ohio,Sutton,100,Pro07,17
D,Oregon,Hooley,92,Pro07,17
D,Pennsylvania,Brady.R,79.59,Pro07,17
D,South.Carolina,Spratt,88,Pro07,17
D,Texas,Green.A,70,Pro07,17
D,Texas,Gonzalez,73.47,Pro07,17
D,Oklahoma,Boren,16.33,Anti07,17
D,California,Matsui,95.92,Pro05,16
D,California,Lee,95.92,Pro05,16
D,California,Roybal-Allard,91.84,Pro05,16
D,California,Napolitano,92,Pro05,16
D,California,Filner,93.75,Pro05,16
D,Colorado,Larson.J,92.68,Pro05,16
D,Florida,Davis.Jim,96.55,Pro05,16
D,Florida,Meek.K,88,Pro05,16
D,Florida,Hastings.A,93.75,Pro05,16
D,Hawaii,Case,93.33,Pro05,16
D,Illinois,Schakowsky,97.96,Pro05,16
D,Illinois,Evans,89.47,Pro05,16
D,Indiana,Carson.J,85.71,Pro05,16
D,Massachusetts,Neal,95.92,Pro05,16
D,Michigan,Kildee,88,Pro05,16
D,Michigan,Levin.S,92,Pro05,16
D,Michigan,Conyers,90,Pro05,16
D,Michigan,Dingell,92,Pro05,16
D,Minnesota,Sabo,94,Pro05,16
D,Missouri,Carnahan,92,Pro05,16
D,Missouri,Cleaver,87.5,Pro05,16
D,New.Jersey,Pascrell,96,Pro05,16
D,New.York,Weiner,93.88,Pro05,16
D,New.York,Owens,93.33,Pro05,16
D,New.York,Hinchey,95.92,Pro05,16
D,New.York,Slaughter,93.88,Pro05,16
D,North.Carolina,Butterfield,78,Pro05,16
D,North.Carolina,Etheridge,84,Pro05,16
D,Ohio,Kaptur,88,Pro05,16
D,Ohio,Ryan.T,86,Pro05,16
D,Pennsylvania,Fattah,93.88,Pro05,16
D,South.Carolina,Spratt,88,Pro05,16
D,Texas,Johnson.E.B,82,Pro05,16
D,Virginia,Moran.James,92,Pro05,16
D,Washington,Larsen.R,84,Pro05,16
D,Alabama,Davis,64,Pro07,16
D,California,Lantos,89.8,Pro07,16
D,Georgia,Scott.D,70,Pro07,16
D,Illinois,Gutierrez,89.36,Pro07,16
D,Maryland,Ruppersberger,82,Pro07,16
D,Massachusetts,Frank.B,90,Pro07,16
D,Michigan,Kildee,88,Pro07,16
D,Michigan,Kilpatrick,87.76,Pro07,16
D,Mississippi,Taylor.G,62,Pro07,16
D,New.York,Clarke,80,Pro07,16
D,Ohio,Kaptur,88,Pro07,16
D,Ohio,Kucinich,92,Pro07,16
D,Ohio,Ryan.T,86,Pro07,16
D,Pennsylvania,Altmire,80,Pro07,16
D,Pennsylvania,Doyle,72,Pro07,16
D,South.Carolina,Clyburn,85.71,Pro07,16
D,Tennessee,Cooper,80,Pro07,16
D,Tennessee,Gordon,72,Pro07,16
D,Texas,Rodriguez,80,Pro07,16
D,Texas,Johnson.E.B,82,Pro07,16
D,Washington,Larsen.R,84,Pro07,16
D,Illinois,Lipinski,88,Pro05,15
D,Illinois,Davis.D,89.8,Pro05,15
D,Kentucky,Chandler,92,Pro05,15
D,Maryland,Hoyer,90,Pro05,15
D,Maryland,Cummings,92,Pro05,15
D,Michigan,Kilpatrick,87.76,Pro05,15
D,Minnesota,Obserstar,79.17,Pro05,15
D,Missouri,Clay,83.67,Pro05,15
D,New.Jersey,Andrews,100,Pro05,15
D,New.Jersey,Payne,89.13,Pro05,15
D,Ohio,Tubbs.Jones.S,82,Pro05,15
D,Virginia,Scott.B,90,Pro05,15
D,Washington,Dicks,89.58,Pro05,15
D,West.Virginia,Rahall,82,Pro05,15
D,California,Costa,63.27,Pro07,15
D,Florida,Mahoney,75,Pro07,15
D,Florida,Klein,75,Pro07,15
D,Georgia,Bishop.S,54.17,Pro07,15
D,Illinois,Costello,74,Pro07,15
D,Indiana,Ellsworth,75,Pro07,15
D,Iowa,Boswell,63.83,Pro07,15
D,Louisiana,Jefferson,61.22,Pro07,15
D,Minnesota,Obserstar,79.17,Pro07,15
D,Missouri,Clay,83.67,Pro07,15
D,Nevada,Berkley,90,Pro07,15
D,New.Jersey,Payne,89.13,Pro07,15
D,North.Carolina,McIntyre,71.43,Pro07,15
D,North.Carolina,Shuler,75,Pro07,15
D,Ohio,Tubbs.Jones.S,82,Pro07,15
D,Pennsylvania,Murtha,64,Pro07,15
D,Tennessee,Davis.L,52,Pro07,15
D,Virginia,Boucher,70.21,Pro07,15
D,West.Virginia,Rahall,82,Pro07,15
D,Arkansas,Snyder,85.71,Pro05,14
D,California,Harman,93.62,Pro05,14
D,Colorado,Salazar.J,71.43,Pro05,14
D,Florida,Boyd,62,Pro05,14
D,Georgia,Barrow,66,Pro05,14
D,Illinois,Gutierrez,89.36,Pro05,14
D,Illinois,Bean,82,Pro05,14
D,Kansas,Moore.D,84,Pro05,14
D,Maryland,Ruppersberger,82,Pro05,14
D,Massachusetts,Delahunt,91.49,Pro05,14
D,Michigan,Stupak,78.57,Pro05,14
D,Mississippi,Thompson.B,74,Pro05,14
D,Ohio,Strickland,85.19,Pro05,14
D,South.Carolina,Clyburn,85.71,Pro05,14
D,Alabama,Cramer,46.94,Pro07,14
D,Arkansas,Berry,50,Pro07,14
D,Colorado,Salazar.J,71.43,Pro07,14
D,Hawaii,Abercrombie,70,Pro07,14
D,Indiana,Carson.J,85.71,Pro07,14
D,Kansas,Boyda,70,Pro07,14
D,Michigan,Stupak,78.57,Pro07,14
D,Missouri,Skelton,60,Pro07,14
D,North.Carolina,Butterfield,78,Pro07,14
D,Pennsylvania,Kanjorski,69.39,Pro07,14
D,Pennsylvania,Holden,60,Pro07,14
D,South.Dakota,Herseth,60,Pro07,14
D,Tennessee,Tanner,56,Pro07,14
D,Texas,Reyes,52.08,Pro07,14
D,Illinois,Rush,77.08,Pro05,13
D,Illinois,Emanuel,91.3,Pro05,13
D,Illinois,Costello,74,Pro05,13
D,Indiana,Visclosky,82,Pro05,13
D,New.York,Meeks.G,82,Pro05,13
D,New.York,Velazquez,89.13,Pro05,13
D,Pennsylvania,Brady.R,79.59,Pro05,13
D,California,Cardoza,62,Pro07,13
D,Florida,Boyd,62,Pro07,13
D,Georgia,Barrow,66,Pro07,13
D,Texas,Cuellar,40,Pro07,13
D,Texas,Green.G,56.25,Pro07,13
D,Alabama,Cramer,46.94,Anti05,13
D,Oklahoma,Boren,16.33,Anti05,13
D,Texas,Ortiz,34,Anti07,13
D,Hawaii,Abercrombie,70,Pro05,12
D,Maryland,Wynn,86,Pro05,12
D,North.Carolina,McIntyre,71.43,Pro05,12
D,Pennsylvania,Kanjorski,69.39,Pro05,12
D,Tennessee,Cooper,80,Pro05,12
D,Tennessee,Ford,74.07,Pro05,12
D,Arizona,Grijalva,94,Pro06,12
D,California,Matsui,95.92,Pro06,12
D,California,Woolsey,98,Pro06,12
D,California,Miller,98,Pro06,12
D,California,Pelosi,100,Pro06,12
D,California,Lee,95.92,Pro06,12
D,California,Tauscher,98,Pro06,12
D,California,Stark,100,Pro06,12
D,California,Eshoo,95.92,Pro06,12
D,California,Honda,95.92,Pro06,12
D,California,Farr,96,Pro06,12
D,California,Capps,97.96,Pro06,12
D,California,Sherman,98,Pro06,12
D,California,Berman,92,Pro06,12
D,California,Schiff,96,Pro06,12
D,California,Waxman,98,Pro06,12
D,California,Becerra,92,Pro06,12
D,California,Solis,96,Pro06,12
D,California,Watson,96,Pro06,12
D,California,Roybal-Allard,91.84,Pro06,12
D,California,Waters,98,Pro06,12
D,California,Harman,93.62,Pro06,12
D,California,Napolitano,92,Pro06,12
D,California,Sanchez.Linda,96,Pro06,12
D,California,Sanchez.Loretta,95.92,Pro06,12
D,Colorado,DeGette,98,Pro06,12
D,Colorado,Udall.M,98,Pro06,12
D,Colorado,DeLauro,94,Pro06,12
D,Florida,Davis.Jim,96.55,Pro06,12
D,Florida,Wexler,94,Pro06,12
D,Florida,Wasserman.Schultz,94,Pro06,12
D,Georgia,McKinney,100,Pro06,12
D,Georgia,Lewis.John,97.96,Pro06,12
D,Hawaii,Case,93.33,Pro06,12
D,Illinois,Gutierrez,89.36,Pro06,12
D,Illinois,Schakowsky,97.96,Pro06,12
D,Indiana,Carson.J,85.71,Pro06,12
D,Maine,Allen.T.,98,Pro06,12
D,Maryland,Cardin,100,Pro06,12
D,Maryland,Hoyer,90,Pro06,12
D,Maryland,Cummings,92,Pro06,12
D,Maryland,VanHollen,98,Pro06,12
D,Massachusetts,Olver,100,Pro06,12
D,Massachusetts,Neal,95.92,Pro06,12
D,Massachusetts,McGovern,100,Pro06,12
D,Massachusetts,Frank.B,90,Pro06,12
D,Massachusetts,Meehan,95.35,Pro06,12
D,Massachusetts,Tierney,100,Pro06,12
D,Massachusetts,Markey,98,Pro06,12
D,Massachusetts,Capuano,96,Pro06,12
D,Massachusetts,Lynch,94,Pro06,12
D,Michigan,Kildee,88,Pro06,12
D,Michigan,Levin.S,92,Pro06,12
D,Michigan,Kilpatrick,87.76,Pro06,12
D,Michigan,Conyers,90,Pro06,12
D,Michigan,Dingell,92,Pro06,12
D,Minnesota,McCollum,98,Pro06,12
D,Missouri,Carnahan,92,Pro06,12
D,Nevada,Berkley,90,Pro06,12
D,New.Jersey,Andrews,100,Pro06,12
D,New.Jersey,Pallone,100,Pro06,12
D,New.Jersey,Pascrell,96,Pro06,12
D,New.Jersey,Rothman,95.92,Pro06,12
D,New.Jersey,Holt,100,Pro06,12
D,New.Mexico,Udall.T,100,Pro06,12
D,New.York,McCarthy,98,Pro06,12
D,New.York,Nadler,96,Pro06,12
D,New.York,Weiner,93.88,Pro06,12
D,New.York,Owens,93.33,Pro06,12
D,New.York,Rangel,94,Pro06,12
D,New.York,Serrano,92,Pro06,12
D,New.York,Engel,92,Pro06,12
D,New.York,Lowey,96,Pro06,12
D,New.York,McNulty,96,Pro06,12
D,New.York,Hinchey,95.92,Pro06,12
D,Ohio,Kaptur,88,Pro06,12
D,Ohio,Kucinich,92,Pro06,12
D,Ohio,Brown.S,100,Pro06,12
D,Oregon,Wu,100,Pro06,12
D,Pennsylvania,Fattah,93.88,Pro06,12
D,Pennsylvania,Schwartz.A,96,Pro06,12
D,Rhode.Island,Langevin,98,Pro06,12
D,South.Carolina,Clyburn,85.71,Pro06,12
D,Tennessee,Cooper,80,Pro06,12
D,Texas,Doggett,95.92,Pro06,12
D,Virginia,Scott.B,90,Pro06,12
D,Washington,Insleee,98,Pro06,12
D,Washington,McDermott,96,Pro06,12
D,Washington,Smith.A,96,Pro06,12
D,Wisconsin,Baldwin,100,Pro06,12
D,Wisconsin,Moore.G,98,Pro06,12
D,Wisconsin,Obey,96,Pro06,12
D,Arkansas,Ross,48,Pro07,12
D,Massachusetts,Meehan,95.35,Pro07,12
D,Minnesota,Peterson.C,46,Pro07,12
D,Ohio,Wilson.C,100,Pro07,12
D,Ohio,Space,100,Pro07,12
D,Texas,Edwards,42,Pro07,12
D,Louisiana,Melancon,36,Anti05,12
D,Tennessee,Davis.L,52,Anti05,12
D,Texas,Hinojusa,44,Anti05,12
D,Texas,Ortiz,34,Anti05,12
D,Texas,Cuellar,40,Anti05,12
D,California,Cardoza,62,Pro05,11
D,California,Costa,63.27,Pro05,11
D,Georgia,Marshall,54,Pro05,11
D,Pennsylvania,Doyle,72,Pro05,11
D,Tennessee,Gordon,72,Pro05,11
D,Texas,Jackson-Lee.S,77.55,Pro05,11
D,Texas,Gonzalez,73.47,Pro05,11
D,Arizona,Pastor,92,Pro06,11
D,Arkansas,Snyder,85.71,Pro06,11
D,California,Thompson,92,Pro06,11
D,California,Lantos,89.8,Pro06,11
D,California,Lofgren,100,Pro06,11
D,California,Millender-McDonald,90.63,Pro06,11
D,California,Filner,93.75,Pro06,11
D,California,Davis,97.96,Pro06,11
D,Florida,Brown.C,90,Pro06,11
D,Florida,Meek.K,88,Pro06,11
D,Florida,Hastings.A,93.75,Pro06,11
D,Illinois,Jackson.J,94,Pro06,11
D,Illinois,Lipinski,88,Pro06,11
D,Illinois,Emanuel,91.3,Pro06,11
D,Indiana,Visclosky,82,Pro06,11
D,Kansas,Moore.D,84,Pro06,11
D,Kentucky,Chandler,92,Pro06,11
D,Maryland,Ruppersberger,82,Pro06,11
D,Maryland,Wynn,86,Pro06,11
D,Massachusetts,Delahunt,91.49,Pro06,11
D,Minnesota,Sabo,94,Pro06,11
D,Missouri,Clay,83.67,Pro06,11
D,New.Jersey,Payne,89.13,Pro06,11
D,New.York,Bishop.T,97.96,Pro06,11
D,New.York,Israel,96,Pro06,11
D,New.York,Ackerman,91.84,Pro06,11
D,New.York,Crowley,96,Pro06,11
D,New.York,Velazquez,89.13,Pro06,11
D,New.York,Maloney,98,Pro06,11
D,New.York,Higgins,94,Pro06,11
D,New.York,Slaughter,93.88,Pro06,11
D,North.Carolina,Price.D,94,Pro06,11
D,North.Carolina,Watt,94,Pro06,11
D,North.Carolina,Miller.B,92,Pro06,11
D,Ohio,Tubbs.Jones.S,82,Pro06,11
D,Ohio,Ryan.T,86,Pro06,11
D,Oregon,Blumenauer,98,Pro06,11
D,Oregon,Hooley,92,Pro06,11
D,South.Carolina,Spratt,88,Pro06,11
D,Virginia,Moran.James,92,Pro06,11
D,West.Virginia,Rahall,82,Pro06,11
D,Wisconsin,Kind,96,Pro06,11
D,Georgia,Marshall,54,Pro07,11
D,Louisiana,Melancon,36,Pro07,11
D,Texas,Hinojusa,44,Pro07,11
D,Utah,Matheson,56,Pro07,11
D,West.Virginia,Mollohan,57.14,Pro07,11
D,Texas,Edwards,42,Anti05,11
D,Louisiana,Melancon,36,Anti06,11
D,Oklahoma,Boren,16.33,Anti06,11
D,Texas,Cuellar,40,Anti06,11
D,Alabama,Davis,64,Pro05,10
D,California,Baca,73.47,Pro05,10
D,Georgia,Scott.D,70,Pro05,10
D,Mississippi,Taylor.G,62,Pro05,10
D,Missouri,Skelton,60,Pro05,10
D,North.Dakota,Pomeroy,70,Pro05,10
D,Pennsylvania,Murtha,64,Pro05,10
D,Pennsylvania,Holden,60,Pro05,10
D,South.Dakota,Herseth,60,Pro05,10
D,Texas,Green.A,70,Pro05,10
D,Utah,Matheson,56,Pro05,10
D,Virginia,Boucher,70.21,Pro05,10
D,West.Virginia,Mollohan,57.14,Pro05,10
D,Illinois,Davis.D,89.8,Pro06,10
D,Illinois,Bean,82,Pro06,10
D,New.York,Meeks.G,82,Pro06,10
D,New.York,Towns,76.6,Pro06,10
D,Oregon,DeFazio,94,Pro06,10
D,Washington,Larsen.R,84,Pro06,10
D,Washington,Baird,92,Pro06,10
D,Texas,Lampson,50,Pro07,10
D,Arkansas,Berry,50,Anti05,10
D,Georgia,Bishop.S,54.17,Anti05,10
D,Texas,Reyes,52.08,Anti05,10
D,Texas,Green.G,56.25,Anti05,10
D,Minnesota,Peterson.C,46,Anti06,10
D,Texas,Edwards,42,Anti06,10
D,Texas,Lampson,50,Anti07,10
D,Arkansas,Ross,48,Pro05,9
D,Iowa,Boswell,63.83,Pro05,9
D,Louisiana,Jefferson,61.22,Pro05,9
D,Minnesota,Peterson.C,46,Pro05,9
D,Tennessee,Tanner,56,Pro05,9
D,California,Baca,73.47,Pro06,9
D,Georgia,Scott.D,70,Pro06,9
D,Hawaii,Abercrombie,70,Pro06,9
D,Illinois,Costello,74,Pro06,9
D,Maine,Michaud,94,Pro06,9
D,Missouri,Cleaver,87.5,Pro06,9
D,North.Carolina,Butterfield,78,Pro06,9
D,North.Carolina,Etheridge,84,Pro06,9
D,Ohio,Strickland,85.19,Pro06,9
D,Pennsylvania,Brady.R,79.59,Pro06,9
D,Pennsylvania,Doyle,72,Pro06,9
D,Tennessee,Gordon,72,Pro06,9
D,Texas,Jackson-Lee.S,77.55,Pro06,9
D,Texas,Johnson.E.B,82,Pro06,9
D,Washington,Dicks,89.58,Pro06,9
D,Arkansas,Ross,48,Anti05,9
D,Minnesota,Peterson.C,46,Anti05,9
D,Tennessee,Tanner,56,Anti05,9
D,Arkansas,Berry,50,Anti06,9
D,Arkansas,Ross,48,Anti06,9
D,Georgia,Marshall,54,Anti07,9
D,Louisiana,Melancon,36,Anti07,9
D,Texas,Hinojusa,44,Anti07,9
D,Utah,Matheson,56,Anti07,9
D,West.Virginia,Mollohan,57.14,Anti07,9
D,Arkansas,Berry,50,Pro05,8
D,Georgia,Bishop.S,54.17,Pro05,8
D,New.York,Towns,76.6,Pro05,8
D,Minnesota,Obserstar,79.17,Pro06,8
D,North.Carolina,McIntyre,71.43,Pro06,8
D,North.Dakota,Pomeroy,70,Pro06,8
D,Pennsylvania,Kanjorski,69.39,Pro06,8
D,Tennessee,Ford,74.07,Pro06,8
D,Texas,Green.A,70,Pro06,8
D,Texas,Gonzalez,73.47,Pro06,8
D,Virginia,Boucher,70.21,Pro06,8
D,Alabama,Davis,64,Anti05,8
D,Georgia,Scott.D,70,Anti05,8
D,Louisiana,Jefferson,61.22,Anti05,8
D,Mississippi,Taylor.G,62,Anti05,8
D,Missouri,Skelton,60,Anti05,8
D,North.Dakota,Pomeroy,70,Anti05,8
D,Pennsylvania,Murtha,64,Anti05,8
D,Pennsylvania,Holden,60,Anti05,8
D,South.Dakota,Herseth,60,Anti05,8
D,Texas,Green.A,70,Anti05,8
D,Utah,Matheson,56,Anti05,8
D,Virginia,Boucher,70.21,Anti05,8
D,West.Virginia,Mollohan,57.14,Anti05,8
D,Florida,Boyd,62,Anti06,8
D,Texas,Ortiz,34,Anti06,8
D,Arkansas,Ross,48,Anti07,8
D,Minnesota,Peterson.C,46,Anti07,8
D,Texas,Edwards,42,Anti07,8
D,Texas,Reyes,52.08,Pro05,7
D,Texas,Edwards,42,Pro05,7
D,Texas,Green.G,56.25,Pro05,7
D,California,Cardoza,62,Pro06,7
D,Colorado,Salazar.J,71.43,Pro06,7
D,Illinois,Rush,77.08,Pro06,7
D,Pennsylvania,Murtha,64,Pro06,7
D,Texas,Green.G,56.25,Pro06,7
D,Utah,Matheson,56,Pro06,7
D,West.Virginia,Mollohan,57.14,Pro06,7
D,Texas,Ortiz,34,Pro07,7
D,California,Cardoza,62,Anti05,7
D,California,Costa,63.27,Anti05,7
D,California,Baca,73.47,Anti05,7
D,Georgia,Marshall,54,Anti05,7
D,New.York,Towns,76.6,Anti05,7
D,Pennsylvania,Doyle,72,Anti05,7
D,Tennessee,Gordon,72,Anti05,7
D,Texas,Gonzalez,73.47,Anti05,7
D,Alabama,Cramer,46.94,Anti06,7
D,Georgia,Bishop.S,54.17,Anti06,7
D,Georgia,Marshall,54,Anti06,7
D,Mississippi,Taylor.G,62,Anti06,7
D,Tennessee,Davis.L,52,Anti06,7
D,Tennessee,Tanner,56,Anti06,7
D,Texas,Hinojusa,44,Anti06,7
D,Texas,Reyes,52.08,Anti06,7
D,California,Cardoza,62,Anti07,7
D,Florida,Boyd,62,Anti07,7
D,Georgia,Barrow,66,Anti07,7
D,Texas,Cuellar,40,Anti07,7
D,Texas,Green.G,56.25,Anti07,7
D,Louisiana,Melancon,36,Pro05,6
D,Tennessee,Davis.L,52,Pro05,6
D,Texas,Hinojusa,44,Pro05,6
D,Texas,Ortiz,34,Pro05,6
D,Texas,Cuellar,40,Pro05,6
D,Alabama,Davis,64,Pro06,6
D,Georgia,Barrow,66,Pro06,6
D,Iowa,Boswell,63.83,Pro06,6
D,Louisiana,Jefferson,61.22,Pro06,6
D,Mississippi,Thompson.B,74,Pro06,6
D,Missouri,Skelton,60,Pro06,6
D,Pennsylvania,Holden,60,Pro06,6
D,South.Dakota,Herseth,60,Pro06,6
D,Hawaii,Abercrombie,70,Anti05,6
D,Iowa,Boswell,63.83,Anti05,6
D,Maryland,Wynn,86,Anti05,6
D,Pennsylvania,Kanjorski,69.39,Anti05,6
D,Tennessee,Cooper,80,Anti05,6
D,Texas,Jackson-Lee.S,77.55,Anti05,6
D,Alabama,Davis,64,Anti06,6
D,California,Costa,63.27,Anti06,6
D,Georgia,Barrow,66,Anti06,6
D,Iowa,Boswell,63.83,Anti06,6
D,Louisiana,Jefferson,61.22,Anti06,6
D,Mississippi,Thompson.B,74,Anti06,6
D,Missouri,Skelton,60,Anti06,6
D,Pennsylvania,Holden,60,Anti06,6
D,South.Dakota,Herseth,60,Anti06,6
D,Alabama,Cramer,46.94,Anti07,6
D,Arkansas,Berry,50,Anti07,6
D,Colorado,Salazar.J,71.43,Anti07,6
D,Hawaii,Abercrombie,70,Anti07,6
D,Indiana,Carson.J,85.71,Anti07,6
D,Kansas,Boyda,70,Anti07,6
D,Michigan,Stupak,78.57,Anti07,6
D,Missouri,Skelton,60,Anti07,6
D,North.Carolina,Butterfield,78,Anti07,6
D,Pennsylvania,Kanjorski,69.39,Anti07,6
D,Pennsylvania,Holden,60,Anti07,6
D,South.Dakota,Herseth,60,Anti07,6
D,Tennessee,Tanner,56,Anti07,6
D,Texas,Reyes,52.08,Anti07,6
D,Alabama,Cramer,46.94,Pro05,5
D,Oklahoma,Boren,16.33,Pro05,5
D,California,Costa,63.27,Pro06,5
D,Georgia,Marshall,54,Pro06,5
D,Michigan,Stupak,78.57,Pro06,5
D,Mississippi,Taylor.G,62,Pro06,5
D,Tennessee,Davis.L,52,Pro06,5
D,Tennessee,Tanner,56,Pro06,5
D,Texas,Hinojusa,44,Pro06,5
D,Illinois,Rush,77.08,Anti05,5
D,Illinois,Costello,74,Anti05,5
D,Indiana,Visclosky,82,Anti05,5
D,New.York,Meeks.G,82,Anti05,5
D,North.Carolina,McIntyre,71.43,Anti05,5
D,Tennessee,Ford,74.07,Anti05,5
D,California,Cardoza,62,Anti06,5
D,Pennsylvania,Murtha,64,Anti06,5
D,Utah,Matheson,56,Anti06,5
D,California,Costa,63.27,Anti07,5
D,Florida,Mahoney,75,Anti07,5
D,Florida,Klein,75,Anti07,5
D,Georgia,Bishop.S,54.17,Anti07,5
D,Illinois,Costello,74,Anti07,5
D,Indiana,Ellsworth,75,Anti07,5
D,Iowa,Boswell,63.83,Anti07,5
D,Louisiana,Jefferson,61.22,Anti07,5
D,Minnesota,Obserstar,79.17,Anti07,5
D,Missouri,Clay,83.67,Anti07,5
D,Nevada,Berkley,90,Anti07,5
D,New.Jersey,Payne,89.13,Anti07,5
D,North.Carolina,McIntyre,71.43,Anti07,5
D,North.Carolina,Shuler,75,Anti07,5
D,Ohio,Tubbs.Jones.S,82,Anti07,5
D,Pennsylvania,Murtha,64,Anti07,5
D,Tennessee,Davis.L,52,Anti07,5
D,Virginia,Boucher,70.21,Anti07,5
D,West.Virginia,Rahall,82,Anti07,5
D,Alabama,Cramer,46.94,Pro06,4
D,Colorado,Larson.J,92.68,Pro06,4
D,Florida,Boyd,62,Pro06,4
D,Rhode.Island,Kennedy.P,95.24,Pro06,4
D,Texas,Reyes,52.08,Pro06,4
D,Texas,Ortiz,34,Pro06,4
D,Arkansas,Snyder,85.71,Anti05,4
D,Colorado,Salazar.J,71.43,Anti05,4
D,Florida,Boyd,62,Anti05,4
D,Georgia,Barrow,66,Anti05,4
D,Illinois,Bean,82,Anti05,4
D,Kansas,Moore.D,84,Anti05,4
D,Maryland,Ruppersberger,82,Anti05,4
D,Mississippi,Thompson.B,74,Anti05,4
D,Pennsylvania,Brady.R,79.59,Anti05,4
D,Colorado,Salazar.J,71.43,Anti06,4
D,North.Carolina,McIntyre,71.43,Anti06,4
D,North.Dakota,Pomeroy,70,Anti06,4
D,Texas,Green.A,70,Anti06,4
D,Texas,Green.G,56.25,Anti06,4
D,West.Virginia,Mollohan,57.14,Anti06,4
D,Alabama,Davis,64,Anti07,4
D,California,Lantos,89.8,Anti07,4
D,Georgia,Scott.D,70,Anti07,4
D,Illinois,Gutierrez,89.36,Anti07,4
D,Maryland,Ruppersberger,82,Anti07,4
D,Massachusetts,Frank.B,90,Anti07,4
D,Michigan,Kildee,88,Anti07,4
D,Michigan,Kilpatrick,87.76,Anti07,4
D,Mississippi,Taylor.G,62,Anti07,4
D,New.York,Clarke,80,Anti07,4
D,Ohio,Kaptur,88,Anti07,4
D,Ohio,Kucinich,92,Anti07,4
D,Ohio,Ryan.T,86,Anti07,4
D,Pennsylvania,Altmire,80,Anti07,4
D,Pennsylvania,Doyle,72,Anti07,4
D,South.Carolina,Clyburn,85.71,Anti07,4
D,Tennessee,Cooper,80,Anti07,4
D,Tennessee,Gordon,72,Anti07,4
D,Texas,Rodriguez,80,Anti07,4
D,Texas,Johnson.E.B,82,Anti07,4
D,Washington,Larsen.R,84,Anti07,4
D,Arkansas,Berry,50,Pro06,3
D,Arkansas,Ross,48,Pro06,3
D,Georgia,Bishop.S,54.17,Pro06,3
D,California,Richardson,100,Pro07,3
D,Massachusetts,Tsongas,100,Pro07,3
D,Oklahoma,Boren,16.33,Pro07,3
D,Illinois,Lipinski,88,Anti05,3
D,Illinois,Davis.D,89.8,Anti05,3
D,Kentucky,Chandler,92,Anti05,3
D,Maryland,Hoyer,90,Anti05,3
D,Maryland,Cummings,92,Anti05,3
D,Michigan,Stupak,78.57,Anti05,3
D,Ohio,Strickland,85.19,Anti05,3
D,Ohio,Tubbs.Jones.S,82,Anti05,3
D,South.Carolina,Clyburn,85.71,Anti05,3
D,Virginia,Scott.B,90,Anti05,3
D,Washington,Dicks,89.58,Anti05,3
D,West.Virginia,Rahall,82,Anti05,3
D,California,Baca,73.47,Anti06,3
D,Georgia,Scott.D,70,Anti06,3
D,Hawaii,Abercrombie,70,Anti06,3
D,Illinois,Rush,77.08,Anti06,3
D,Illinois,Costello,74,Anti06,3
D,Maine,Michaud,94,Anti06,3
D,Minnesota,Obserstar,79.17,Anti06,3
D,North.Carolina,Butterfield,78,Anti06,3
D,North.Carolina,Etheridge,84,Anti06,3
D,Pennsylvania,Brady.R,79.59,Anti06,3
D,Pennsylvania,Kanjorski,69.39,Anti06,3
D,Pennsylvania,Doyle,72,Anti06,3
D,Tennessee,Gordon,72,Anti06,3
D,Texas,Jackson-Lee.S,77.55,Anti06,3
D,Texas,Gonzalez,73.47,Anti06,3
D,Texas,Johnson.E.B,82,Anti06,3
D,Arkansas,Snyder,85.71,Anti07,3
D,California,Berman,92,Anti07,3
D,California,Becerra,92,Anti07,3
D,California,Roybal-Allard,91.84,Anti07,3
D,California,Baca,73.47,Anti07,3
D,Colorado,DeLauro,94,Anti07,3
D,Florida,Brown.C,90,Anti07,3
D,Florida,Meek.K,88,Anti07,3
D,Florida,Wexler,94,Anti07,3
D,Illinois,Rush,77.08,Anti07,3
D,Illinois,Bean,82,Anti07,3
D,Illinois,Hare,85,Anti07,3
D,Indiana,Visclosky,82,Anti07,3
D,Indiana,Donnelly,85,Anti07,3
D,Indiana,Hill.B,85,Anti07,3
D,Iowa,Braley,85,Anti07,3
D,Kansas,Moore.D,84,Anti07,3
D,Maryland,Sarbanes,85,Anti07,3
D,Michigan,Conyers,90,Anti07,3
D,Minnesota,Walz,85,Anti07,3
D,Mississippi,Thompson.B,74,Anti07,3
D,Missouri,Cleaver,87.5,Anti07,3
D,New.York,Ackerman,91.84,Anti07,3
D,New.York,Velazquez,89.13,Anti07,3
D,New.York,Serrano,92,Anti07,3
D,New.York,Engel,92,Anti07,3
D,North.Carolina,Etheridge,84,Anti07,3
D,North.Dakota,Pomeroy,70,Anti07,3
D,Oregon,Hooley,92,Anti07,3
D,Pennsylvania,Brady.R,79.59,Anti07,3
D,South.Carolina,Spratt,88,Anti07,3
D,Texas,Green.A,70,Anti07,3
D,Texas,Gonzalez,73.47,Anti07,3
D,Minnesota,Peterson.C,46,Pro06,2
D,Texas,Edwards,42,Pro06,2
D,California,Napolitano,92,Anti05,2
D,Florida,Meek.K,88,Anti05,2
D,Hawaii,Case,93.33,Anti05,2
D,Illinois,Evans,89.47,Anti05,2
D,Michigan,Kildee,88,Anti05,2
D,Michigan,Levin.S,92,Anti05,2
D,Michigan,Kilpatrick,87.76,Anti05,2
D,Michigan,Conyers,90,Anti05,2
D,Michigan,Dingell,92,Anti05,2
D,Minnesota,Sabo,94,Anti05,2
D,Minnesota,Obserstar,79.17,Anti05,2
D,Missouri,Clay,83.67,Anti05,2
D,Missouri,Carnahan,92,Anti05,2
D,Missouri,Cleaver,87.5,Anti05,2
D,New.Jersey,Pascrell,96,Anti05,2
D,New.York,Owens,93.33,Anti05,2
D,New.York,Slaughter,93.88,Anti05,2
D,North.Carolina,Butterfield,78,Anti05,2
D,North.Carolina,Etheridge,84,Anti05,2
D,Ohio,Kaptur,88,Anti05,2
D,Ohio,Ryan.T,86,Anti05,2
D,South.Carolina,Spratt,88,Anti05,2
D,Texas,Johnson.E.B,82,Anti05,2
D,Virginia,Moran.James,92,Anti05,2
D,Washington,Larsen.R,84,Anti05,2
D,Illinois,Bean,82,Anti06,2
D,New.York,Meeks.G,82,Anti06,2
D,New.York,Towns,76.6,Anti06,2
D,Oregon,DeFazio,94,Anti06,2
D,Tennessee,Ford,74.07,Anti06,2
D,Washington,Larsen.R,84,Anti06,2
D,Washington,Baird,92,Anti06,2
D,Arizona,Pastor,92,Anti07,2
D,Arizona,Grijalva,94,Anti07,2
D,California,Thompson,92,Anti07,2
D,California,McNerney,90,Anti07,2
D,California,Eshoo,95.92,Anti07,2
D,California,Honda,95.92,Anti07,2
D,California,Farr,96,Anti07,2
D,California,Watson,96,Anti07,2
D,California,Harman,93.62,Anti07,2
D,California,Millender-McDonald,90.63,Anti07,2
D,California,Napolitano,92,Anti07,2
D,California,Sanchez.Loretta,95.92,Anti07,2
D,California,Filner,93.75,Anti07,2
D,Colorado,Perlmutter,90,Anti07,2
D,Colorado,Larson.J,92.68,Anti07,2
D,Florida,Wasserman.Schultz,94,Anti07,2
D,Florida,Hastings.A,93.75,Anti07,2
D,Hawaii,Hirono,90,Anti07,2
D,Illinois,Lipinski,88,Anti07,2
D,Illinois,Emanuel,91.3,Anti07,2
D,Iowa,Loebsack,90,Anti07,2
D,Maryland,Hoyer,90,Anti07,2
D,Massachusetts,Lynch,94,Anti07,2
D,Massachusetts,Delahunt,91.49,Anti07,2
D,Michigan,Levin.S,92,Anti07,2
D,Michigan,Dingell,92,Anti07,2
D,Missouri,Carnahan,92,Anti07,2
D,New.Hampshire,Shea-Porter,90,Anti07,2
D,New.Jersey,Rothman,95.92,Anti07,2
D,New.York,Meeks.G,82,Anti07,2
D,New.York,Weiner,93.88,Anti07,2
D,New.York,Towns,76.6,Anti07,2
D,New.York,Rangel,94,Anti07,2
D,New.York,Arcuri,90,Anti07,2
D,North.Carolina,Miller.B,92,Anti07,2
D,Pennsylvania,Fattah,93.88,Anti07,2
D,Pennsylvania,Murphy.P,90,Anti07,2
D,Rhode.Island,Kennedy.P,95.24,Anti07,2
D,Texas,Jackson-Lee.S,77.55,Anti07,2
D,Texas,Doggett,95.92,Anti07,2
D,Virginia,Scott.B,90,Anti07,2
D,Washington,Smith.A,96,Anti07,2
D,Wisconsin,Obey,96,Anti07,2
D,Wisconsin,Kagen,90,Anti07,2
D,Illinois,Evans,89.47,Pro06,1
D,Louisiana,Melancon,36,Pro06,1
D,Texas,Cuellar,40,Pro06,1
D,California,Millender-McDonald,90.63,Pro07,1
D,Arizona,Pastor,92,Anti05,1
D,Arizona,Grijalva,94,Anti05,1
D,California,Thompson,92,Anti05,1
D,California,Matsui,95.92,Anti05,1
D,California,Lee,95.92,Anti05,1
D,California,Tauscher,98,Anti05,1
D,California,Lantos,89.8,Anti05,1
D,California,Berman,92,Anti05,1
D,California,Schiff,96,Anti05,1
D,California,Becerra,92,Anti05,1
D,California,Solis,96,Anti05,1
D,California,Roybal-Allard,91.84,Anti05,1
D,California,Waters,98,Anti05,1
D,California,Harman,93.62,Anti05,1
D,California,Sanchez.Linda,96,Anti05,1
D,California,Filner,93.75,Anti05,1
D,Colorado,Larson.J,92.68,Anti05,1
D,Florida,Brown.C,90,Anti05,1
D,Florida,Davis.Jim,96.55,Anti05,1
D,Florida,Wasserman.Schultz,94,Anti05,1
D,Florida,Hastings.A,93.75,Anti05,1
D,Illinois,Jackson.J,94,Anti05,1
D,Illinois,Gutierrez,89.36,Anti05,1
D,Illinois,Emanuel,91.3,Anti05,1
D,Illinois,Schakowsky,97.96,Anti05,1
D,Indiana,Carson.J,85.71,Anti05,1
D,Maine,Allen.T.,98,Anti05,1
D,Massachusetts,Neal,95.92,Anti05,1
D,Massachusetts,Frank.B,90,Anti05,1
D,Massachusetts,Meehan,95.35,Anti05,1
D,Massachusetts,Capuano,96,Anti05,1
D,Massachusetts,Lynch,94,Anti05,1
D,Massachusetts,Delahunt,91.49,Anti05,1
D,New.York,Bishop.T,97.96,Anti05,1
D,New.York,Israel,96,Anti05,1
D,New.York,McCarthy,98,Anti05,1
D,New.York,Ackerman,91.84,Anti05,1
D,New.York,Nadler,96,Anti05,1
D,New.York,Weiner,93.88,Anti05,1
D,New.York,Velazquez,89.13,Anti05,1
D,New.York,Rangel,94,Anti05,1
D,New.York,Serrano,92,Anti05,1
D,New.York,Engel,92,Anti05,1
D,New.York,Lowey,96,Anti05,1
D,New.York,McNulty,96,Anti05,1
D,New.York,Hinchey,95.92,Anti05,1
D,New.York,Higgins,94,Anti05,1
D,North.Carolina,Price.D,94,Anti05,1
D,North.Carolina,Watt,94,Anti05,1
D,North.Carolina,Miller.B,92,Anti05,1
D,Pennsylvania,Fattah,93.88,Anti05,1
D,Pennsylvania,Schwartz.A,96,Anti05,1
D,Washington,Baird,92,Anti05,1
D,Washington,McDermott,96,Anti05,1
D,Arizona,Pastor,92,Anti06,1
D,California,Thompson,92,Anti06,1
D,California,Millender-McDonald,90.63,Anti06,1
D,Florida,Brown.C,90,Anti06,1
D,Florida,Meek.K,88,Anti06,1
D,Illinois,Jackson.J,94,Anti06,1
D,Illinois,Lipinski,88,Anti06,1
D,Illinois,Emanuel,91.3,Anti06,1
D,Illinois,Davis.D,89.8,Anti06,1
D,Indiana,Visclosky,82,Anti06,1
D,Kansas,Moore.D,84,Anti06,1
D,Kentucky,Chandler,92,Anti06,1
D,Maryland,Ruppersberger,82,Anti06,1
D,Maryland,Wynn,86,Anti06,1
D,Massachusetts,Delahunt,91.49,Anti06,1
D,Minnesota,Sabo,94,Anti06,1
D,Missouri,Clay,83.67,Anti06,1
D,Missouri,Cleaver,87.5,Anti06,1
D,New.York,Israel,96,Anti06,1
D,New.York,Crowley,96,Anti06,1
D,New.York,Velazquez,89.13,Anti06,1
D,New.York,Maloney,98,Anti06,1
D,New.York,Higgins,94,Anti06,1
D,North.Carolina,Price.D,94,Anti06,1
D,North.Carolina,Watt,94,Anti06,1
D,North.Carolina,Miller.B,92,Anti06,1
D,Ohio,Strickland,85.19,Anti06,1
D,Ohio,Tubbs.Jones.S,82,Anti06,1
D,Ohio,Ryan.T,86,Anti06,1
D,Oregon,Blumenauer,98,Anti06,1
D,Oregon,Hooley,92,Anti06,1
D,South.Carolina,Spratt,88,Anti06,1
D,Virginia,Moran.James,92,Anti06,1
D,Virginia,Boucher,70.21,Anti06,1
D,Washington,Dicks,89.58,Anti06,1
D,West.Virginia,Rahall,82,Anti06,1
D,Wisconsin,Kind,96,Anti06,1
D,Arizona,Giffords,95,Anti07,1
D,California,Matsui,95.92,Anti07,1
D,California,Woolsey,98,Anti07,1
D,California,Miller,98,Anti07,1
D,California,Lee,95.92,Anti07,1
D,California,Capps,97.96,Anti07,1
D,California,Sherman,98,Anti07,1
D,California,Schiff,96,Anti07,1
D,California,Waxman,98,Anti07,1
D,California,Solis,96,Anti07,1
D,California,Sanchez.Linda,96,Anti07,1
D,California,Davis,97.96,Anti07,1
D,Colorado,DeGette,98,Anti07,1
D,Colorado,Udall.M,98,Anti07,1
D,Colorado,Courtney,95,Anti07,1
D,Florida,Castor,95,Anti07,1
D,Georgia,Johnson.H,95,Anti07,1
D,Georgia,Lewis.John,97.96,Anti07,1
D,Illinois,Jackson.J,94,Anti07,1
D,Illinois,Davis.D,89.8,Anti07,1
D,Maryland,Cummings,92,Anti07,1
D,Maryland,VanHollen,98,Anti07,1
D,Massachusetts,Neal,95.92,Anti07,1
D,Massachusetts,Meehan,95.35,Anti07,1
D,Massachusetts,Markey,98,Anti07,1
D,Massachusetts,Capuano,96,Anti07,1
D,Minnesota,McCollum,98,Anti07,1
D,New.York,Crowley,96,Anti07,1
D,New.York,Nadler,96,Anti07,1
D,New.York,Lowey,96,Anti07,1
D,New.York,Hall.J,95,Anti07,1
D,New.York,Gillibrand,95,Anti07,1
D,New.York,McNulty,96,Anti07,1
D,New.York,Hinchey,95.92,Anti07,1
D,New.York,Higgins,94,Anti07,1
D,New.York,Slaughter,93.88,Anti07,1
D,North.Carolina,Price.D,94,Anti07,1
D,North.Carolina,Watt,94,Anti07,1
D,Oregon,DeFazio,94,Anti07,1
D,Pennsylvania,Schwartz.A,96,Anti07,1
D,Rhode.Island,Langevin,98,Anti07,1
D,Vermont,Welch,95,Anti07,1
D,Virginia,Moran.James,92,Anti07,1
D,Washington,Insleee,98,Anti07,1
D,Washington,Baird,92,Anti07,1
D,Washington,Dicks,89.58,Anti07,1
D,Washington,McDermott,96,Anti07,1
D,Wisconsin,Kind,96,Anti07,1
D,Wisconsin,Moore.G,98,Anti07,1
D,Oklahoma,Boren,16.33,Pro06,0
D,California,Woolsey,98,Anti05,0
D,California,Miller,98,Anti05,0
D,California,Pelosi,100,Anti05,0
D,California,Stark,100,Anti05,0
D,California,Eshoo,95.92,Anti05,0
D,California,Honda,95.92,Anti05,0
D,California,Lofgren,100,Anti05,0
D,California,Farr,96,Anti05,0
D,California,Capps,97.96,Anti05,0
D,California,Sherman,98,Anti05,0
D,California,Waxman,98,Anti05,0
D,California,Watson,96,Anti05,0
D,California,Millender-McDonald,90.63,Anti05,0
D,California,Sanchez.Loretta,95.92,Anti05,0
D,California,Davis,97.96,Anti05,0
D,Colorado,DeGette,98,Anti05,0
D,Colorado,Udall.M,98,Anti05,0
D,Colorado,DeLauro,94,Anti05,0
D,Florida,Wexler,94,Anti05,0
D,Georgia,McKinney,100,Anti05,0
D,Georgia,Lewis.John,97.96,Anti05,0
D,Maine,Michaud,94,Anti05,0
D,Maryland,Cardin,100,Anti05,0
D,Maryland,VanHollen,98,Anti05,0
D,Massachusetts,Olver,100,Anti05,0
D,Massachusetts,McGovern,100,Anti05,0
D,Massachusetts,Tierney,100,Anti05,0
D,Massachusetts,Markey,98,Anti05,0
D,Minnesota,McCollum,98,Anti05,0
D,Nevada,Berkley,90,Anti05,0
D,New.Jersey,Andrews,100,Anti05,0
D,New.Jersey,Pallone,100,Anti05,0
D,New.Jersey,Rothman,95.92,Anti05,0
D,New.Jersey,Payne,89.13,Anti05,0
D,New.Jersey,Holt,100,Anti05,0
D,New.Jersey,Menendez,100,Anti05,0
D,New.Mexico,Udall.T,100,Anti05,0
D,New.York,Crowley,96,Anti05,0
D,New.York,Maloney,98,Anti05,0
D,Ohio,Kucinich,92,Anti05,0
D,Ohio,Brown.S,100,Anti05,0
D,Oregon,Wu,100,Anti05,0
D,Oregon,Blumenauer,98,Anti05,0
D,Oregon,DeFazio,94,Anti05,0
D,Oregon,Hooley,92,Anti05,0
D,Rhode.Island,Kennedy.P,95.24,Anti05,0
D,Rhode.Island,Langevin,98,Anti05,0
D,Texas,Doggett,95.92,Anti05,0
D,Washington,Insleee,98,Anti05,0
D,Washington,Smith.A,96,Anti05,0
D,Wisconsin,Baldwin,100,Anti05,0
D,Wisconsin,Kind,96,Anti05,0
D,Wisconsin,Moore.G,98,Anti05,0
D,Wisconsin,Obey,96,Anti05,0
D,Arizona,Grijalva,94,Anti06,0
D,Arkansas,Snyder,85.71,Anti06,0
D,California,Matsui,95.92,Anti06,0
D,California,Woolsey,98,Anti06,0
D,California,Miller,98,Anti06,0
D,California,Pelosi,100,Anti06,0
D,California,Lee,95.92,Anti06,0
D,California,Tauscher,98,Anti06,0
D,California,Lantos,89.8,Anti06,0
D,California,Stark,100,Anti06,0
D,California,Eshoo,95.92,Anti06,0
D,California,Honda,95.92,Anti06,0
D,California,Lofgren,100,Anti06,0
D,California,Farr,96,Anti06,0
D,California,Capps,97.96,Anti06,0
D,California,Sherman,98,Anti06,0
D,California,Berman,92,Anti06,0
D,California,Schiff,96,Anti06,0
D,California,Waxman,98,Anti06,0
D,California,Becerra,92,Anti06,0
D,California,Solis,96,Anti06,0
D,California,Watson,96,Anti06,0
D,California,Roybal-Allard,91.84,Anti06,0
D,California,Waters,98,Anti06,0
D,California,Harman,93.62,Anti06,0
D,California,Napolitano,92,Anti06,0
D,California,Sanchez.Linda,96,Anti06,0
D,California,Sanchez.Loretta,95.92,Anti06,0
D,California,Filner,93.75,Anti06,0
D,California,Davis,97.96,Anti06,0
D,Colorado,DeGette,98,Anti06,0
D,Colorado,Udall.M,98,Anti06,0
D,Colorado,Larson.J,92.68,Anti06,0
D,Colorado,DeLauro,94,Anti06,0
D,Florida,Davis.Jim,96.55,Anti06,0
D,Florida,Wexler,94,Anti06,0
D,Florida,Wasserman.Schultz,94,Anti06,0
D,Florida,Hastings.A,93.75,Anti06,0
D,Georgia,McKinney,100,Anti06,0
D,Georgia,Lewis.John,97.96,Anti06,0
D,Hawaii,Case,93.33,Anti06,0
D,Illinois,Gutierrez,89.36,Anti06,0
D,Illinois,Schakowsky,97.96,Anti06,0
D,Illinois,Evans,89.47,Anti06,0
D,Indiana,Carson.J,85.71,Anti06,0
D,Maine,Allen.T.,98,Anti06,0
D,Maryland,Cardin,100,Anti06,0
D,Maryland,Hoyer,90,Anti06,0
D,Maryland,Cummings,92,Anti06,0
D,Maryland,VanHollen,98,Anti06,0
D,Massachusetts,Olver,100,Anti06,0
D,Massachusetts,Neal,95.92,Anti06,0
D,Massachusetts,McGovern,100,Anti06,0
D,Massachusetts,Frank.B,90,Anti06,0
D,Massachusetts,Meehan,95.35,Anti06,0
D,Massachusetts,Tierney,100,Anti06,0
D,Massachusetts,Markey,98,Anti06,0
D,Massachusetts,Capuano,96,Anti06,0
D,Massachusetts,Lynch,94,Anti06,0
D,Michigan,Stupak,78.57,Anti06,0
D,Michigan,Kildee,88,Anti06,0
D,Michigan,Levin.S,92,Anti06,0
D,Michigan,Kilpatrick,87.76,Anti06,0
D,Michigan,Conyers,90,Anti06,0
D,Michigan,Dingell,92,Anti06,0
D,Minnesota,McCollum,98,Anti06,0
D,Missouri,Carnahan,92,Anti06,0
D,Nevada,Berkley,90,Anti06,0
D,New.Jersey,Andrews,100,Anti06,0
D,New.Jersey,Pallone,100,Anti06,0
D,New.Jersey,Pascrell,96,Anti06,0
D,New.Jersey,Rothman,95.92,Anti06,0
D,New.Jersey,Payne,89.13,Anti06,0
D,New.Jersey,Holt,100,Anti06,0
D,New.Mexico,Udall.T,100,Anti06,0
D,New.York,Bishop.T,97.96,Anti06,0
D,New.York,McCarthy,98,Anti06,0
D,New.York,Ackerman,91.84,Anti06,0
D,New.York,Nadler,96,Anti06,0
D,New.York,Weiner,93.88,Anti06,0
D,New.York,Owens,93.33,Anti06,0
D,New.York,Rangel,94,Anti06,0
D,New.York,Serrano,92,Anti06,0
D,New.York,Engel,92,Anti06,0
D,New.York,Lowey,96,Anti06,0
D,New.York,McNulty,96,Anti06,0
D,New.York,Hinchey,95.92,Anti06,0
D,New.York,Slaughter,93.88,Anti06,0
D,Ohio,Kaptur,88,Anti06,0
D,Ohio,Kucinich,92,Anti06,0
D,Ohio,Brown.S,100,Anti06,0
D,Oregon,Wu,100,Anti06,0
D,Pennsylvania,Fattah,93.88,Anti06,0
D,Pennsylvania,Schwartz.A,96,Anti06,0
D,Rhode.Island,Kennedy.P,95.24,Anti06,0
D,Rhode.Island,Langevin,98,Anti06,0
D,South.Carolina,Clyburn,85.71,Anti06,0
D,Tennessee,Cooper,80,Anti06,0
D,Texas,Doggett,95.92,Anti06,0
D,Virginia,Scott.B,90,Anti06,0
D,Washington,Insleee,98,Anti06,0
D,Washington,McDermott,96,Anti06,0
D,Washington,Smith.A,96,Anti06,0
D,Wisconsin,Baldwin,100,Anti06,0
D,Wisconsin,Moore.G,98,Anti06,0
D,Wisconsin,Obey,96,Anti06,0
D,Arizona,Mitchell,100,Anti07,0
D,California,Tauscher,98,Anti07,0
D,California,Stark,100,Anti07,0
D,California,Lofgren,100,Anti07,0
D,California,Waters,98,Anti07,0
D,California,Richardson,100,Anti07,0
D,Colorado,Murphy.Chris,100,Anti07,0
D,Illinois,Schakowsky,97.96,Anti07,0
D,Kentucky,Yarmuth,100,Anti07,0
D,Kentucky,Chandler,92,Anti07,0
D,Maine,Allen.T.,98,Anti07,0
D,Maine,Michaud,94,Anti07,0
D,Maryland,Wynn,86,Anti07,0
D,Massachusetts,Olver,100,Anti07,0
D,Massachusetts,McGovern,100,Anti07,0
D,Massachusetts,Tsongas,100,Anti07,0
D,Massachusetts,Tierney,100,Anti07,0
D,Minnesota,Sabo,94,Anti07,0
D,New.Hampshire,Hodes,100,Anti07,0
D,New.Jersey,Andrews,100,Anti07,0
D,New.Jersey,Pallone,100,Anti07,0
D,New.Jersey,Pascrell,96,Anti07,0
D,New.Jersey,Holt,100,Anti07,0
D,New.Mexico,Udall.T,100,Anti07,0
D,New.York,Bishop.T,97.96,Anti07,0
D,New.York,Israel,96,Anti07,0
D,New.York,McCarthy,98,Anti07,0
D,New.York,Maloney,98,Anti07,0
D,Oregon,Wu,100,Anti07,0
D,Oregon,Blumenauer,98,Anti07,0
D,Pennsylvania,Sestak,100,Anti07,0
D,Wisconsin,Baldwin,100,Anti07,0
I,Vermont,Sanders,100,Pro05,17
I,Vermont,Sanders,100,Pro06,12
I,Vermont,Sanders,100,Anti05,0
I,Vermont,Sanders,100,Anti06,0
R,Colorado,Shays,93.75,Pro07,20
R,California,Herger,0,Anti07,20
R,California,Radanovich,2.08,Anti07,20
R,California,Nunes,0,Anti07,20
R,California,McCarthy.K,0,Anti07,20
R,California,Calvert,6,Anti07,20
R,California,Issa,2,Anti07,20
R,Georgia,Kingston,6,Anti07,20
R,Georgia,Linder,4,Anti07,20
R,Georgia,Westmoreland,0,Anti07,20
R,Georgia,Gingrey,2,Anti07,20
R,Idaho,Sali,0,Anti07,20
R,Illinois,Manzullo,0,Anti07,20
R,Iowa,King.S,0,Anti07,20
R,Kentucky,Lewis.R,4,Anti07,20
R,Kentucky,Davis.G,4,Anti07,20
R,Louisiana,McCrery,0,Anti07,20
R,Louisiana,Boustany,2,Anti07,20
R,Michigan,Camp,4,Anti07,20
R,Minnesota,Kline,2,Anti07,20
R,Minnesota,Bachmann,0,Anti07,20
R,Missouri,Blunt,2.08,Anti07,20
R,New.Mexico,Pearce,0,Anti07,20
R,North.Carolina,McHenry,4.08,Anti07,20
R,Ohio,Boehner,0,Anti07,20
R,Oklahoma,Lucas,0,Anti07,20
R,Oklahoma,Cole,2,Anti07,20
R,South.Carolina,Wilson.J,0,Anti07,20
R,Texas,Gohmert,2.04,Anti07,20
R,Texas,Hall.R,0,Anti07,20
R,Texas,Barton,2.08,Anti07,20
R,Texas,Culbertson,2.04,Anti07,20
R,Texas,Brady.K,2,Anti07,20
R,Texas,Conaway,0,Anti07,20
R,Texas,Granger,0,Anti07,20
R,Texas,Thornberry,0,Anti07,20
R,Texas,Neugebauer,0,Anti07,20
R,Texas,Smith.L,4,Anti07,20
R,Texas,Burgess,1.96,Anti07,20
R,Texas,Carter,0,Anti07,20
R,Texas,Sessions.P,0,Anti07,20
R,Utah,Bishop.R,0,Anti07,20
R,Virginia,Davis.Jo.Ann,14.58,Anti07,20
R,Virginia,Goode,10,Anti07,20
R,Virginia,Goodlatte,0,Anti07,20
R,Wyoming,Cubin,2.13,Anti07,20
R,Delaware,Castle,83.67,Pro07,19
R,Minnesota,Ramstad,80,Pro07,19
R,Alabama,Bachus,4,Anti07,19
R,Arizona,Franks,4.26,Anti07,19
R,Arizona,Shadegg,4.26,Anti07,19
R,California,Lungren,4,Anti07,19
R,California,Doolittle,2,Anti07,19
R,California,Miller.Gary,2.04,Anti07,19
R,California,Hunter,4,Anti07,19
R,Colorado,Musgrave,4.44,Anti07,19
R,Colorado,Lamborn,5,Anti07,19
R,Florida,Crenshaw,8,Anti07,19
R,Florida,Mica,2,Anti07,19
R,Florida,Putnam,8,Anti07,19
R,Florida,Mack,14,Anti07,19
R,Florida,Weldon.D,6,Anti07,19
R,Florida,Feeney,10.2,Anti07,19
R,Georgia,Deal,2.04,Anti07,19
R,Idaho,Simpson,4,Anti07,19
R,Indiana,Souder,2.04,Anti07,19
R,Indiana,Buyer,2,Anti07,19
R,Indiana,Burton,2.04,Anti07,19
R,Indiana,Pence,4,Anti07,19
R,Iowa,Latham,4,Anti07,19
R,Kansas,Tiahrt,2,Anti07,19
R,Kentucky,Rogers.H,6,Anti07,19
R,Louisiana,Jindal,6,Anti07,19
R,Louisiana,Baker,2,Anti07,19
R,Michigan,Hoekstra,4,Anti07,19
R,Michigan,Walberg,5,Anti07,19
R,Michigan,Rogers.Michael.J,6,Anti07,19
R,Mississippi,Wicker,2,Anti07,19
R,Mississippi,Pickering,6,Anti07,19
R,Missouri,Akin,4,Anti07,19
R,Missouri,Graves,4,Anti07,19
R,Missouri,Hulshof,4,Anti07,19
R,Nebraska,Smith.Adrian,5,Anti07,19
R,New.York,Reynolds,8.89,Anti07,19
R,North.Carolina,Coble,6.25,Anti07,19
R,Ohio,Jordon,5,Anti07,19
R,Oklahoma,Sullivan,6.12,Anti07,19
R,Pennsylvania,Shuster,4,Anti07,19
R,South.Carolina,Brown.H,6,Anti07,19
R,South.Carolina,Barrett,6,Anti07,19
R,Tennessee,Blackburn,4.08,Anti07,19
R,Texas,Poe,8,Anti07,19
R,Texas,Johnson.S,2.08,Anti07,19
R,Texas,Marchant,3.92,Anti07,19
R,Virginia,Forbes,6,Anti07,19
R,Virginia,Cantor,6,Anti07,19
R,Washington,Hastings.D,2,Anti07,19
R,Washington,McMorris,2.04,Anti07,19
R,Illinois,Kirk,69.39,Pro07,18
R,New.Jersey,LoBiondo,84,Pro07,18
R,Alabama,Everett,6,Anti05,18
R,Alabama,Aderholt,4,Anti05,18
R,Alabama,Bachus,4,Anti05,18
R,Alaska,Young,4,Anti05,18
R,Arizona,Renzi,6,Anti05,18
R,Arkansas,Boozman,6,Anti05,18
R,California,Herger,0,Anti05,18
R,California,Lungren,4,Anti05,18
R,California,Doolittle,2,Anti05,18
R,California,Nunes,0,Anti05,18
R,California,Thomas.W,3.33,Anti05,18
R,Colorado,Musgrave,4.44,Anti05,18
R,Florida,Mica,2,Anti05,18
R,Georgia,Westmoreland,0,Anti05,18
R,Illinois,Weller,16,Anti05,18
R,Illinois,Biggert,30,Anti05,18
R,Illinois,Manzullo,0,Anti05,18
R,Illinois,Shimkus,4.08,Anti05,18
R,Indiana,Buyer,2,Anti05,18
R,Indiana,Burton,2.04,Anti05,18
R,Indiana,Sodrel,3.33,Anti05,18
R,Iowa,King.S,0,Anti05,18
R,Kansas,Moran.Jerry,6,Anti05,18
R,Kansas,Ryun.J,0,Anti05,18
R,Kansas,Tiahrt,2,Anti05,18
R,Kentucky,Lewis.R,4,Anti05,18
R,Kentucky,Northrup,0,Anti05,18
R,Kentucky,Rogers.H,6,Anti05,18
R,Louisiana,McCrery,0,Anti05,18
R,Louisiana,Alexander.R,4,Anti05,18
R,Louisiana,Baker,2,Anti05,18
R,Minnesota,Kline,2,Anti05,18
R,Mississippi,Wicker,2,Anti05,18
R,Mississippi,Pickering,6,Anti05,18
R,Missouri,Akin,4,Anti05,18
R,Missouri,Graves,4,Anti05,18
R,Missouri,Hulshof,4,Anti05,18
R,Nebraska,Fortenberry,24,Anti05,18
R,Nebraska,Terry,8,Anti05,18
R,Nevada,Gibbons,0,Anti05,18
R,Nevada,Porter,14,Anti05,18
R,New.Mexico,Pearce,0,Anti05,18
R,North.Carolina,Hayes,10,Anti05,18
R,Ohio,Boehner,0,Anti05,18
R,Ohio,Regula,10,Anti05,18
R,Oklahoma,Sullivan,6.12,Anti05,18
R,Oklahoma,Cole,2,Anti05,18
R,Pennsylvania,Hart,10,Anti05,18
R,Pennsylvania,Peterson.J,4,Anti05,18
R,Pennsylvania,Shuster,4,Anti05,18
R,Pennsylvania,Sherwood,34.69,Anti05,18
R,Pennsylvania,Dent,26,Anti05,18
R,Pennsylvania,Pitts,6,Anti05,18
R,Pennsylvania,Murphy,12,Anti05,18
R,South.Carolina,Wilson.J,0,Anti05,18
R,Tennessee,Duncan,6.12,Anti05,18
R,Texas,Barton,2.08,Anti05,18
R,Texas,Brady.K,2,Anti05,18
R,Texas,McCaul,8,Anti05,18
R,Texas,Granger,0,Anti05,18
R,Texas,Thornberry,0,Anti05,18
R,Texas,Neugebauer,0,Anti05,18
R,Texas,Smith.L,4,Anti05,18
R,Texas,Bonilla,0,Anti05,18
R,Texas,Marchant,3.92,Anti05,18
R,Texas,Burgess,1.96,Anti05,18
R,Utah,Bishop.R,0,Anti05,18
R,Utah,Cannon,4.35,Anti05,18
R,Virginia,Goodlatte,0,Anti05,18
R,Washington,Hastings.D,2,Anti05,18
R,Washington,McMorris,2.04,Anti05,18
R,Alabama,Bonner,14,Anti07,18
R,Alabama,Everett,6,Anti07,18
R,Alabama,Aderholt,4,Anti07,18
R,Alaska,Young,4,Anti07,18
R,Arizona,Renzi,6,Anti07,18
R,Arkansas,Boozman,6,Anti07,18
R,California,McKeon,8,Anti07,18
R,California,Rohrabacher,14,Anti07,18
R,Colorado,Tancredo,10.42,Anti07,18
R,Florida,Miller.J,12,Anti07,18
R,Georgia,Price.T,6.12,Anti07,18
R,Illinois,Shimkus,4.08,Anti07,18
R,Kansas,Moran.Jerry,6,Anti07,18
R,Louisiana,Alexander.R,4,Anti07,18
R,Montana,Rehberg,8,Anti07,18
R,North.Carolina,Foxx,10.2,Anti07,18
R,North.Carolina,Myrick,6.25,Anti07,18
R,Ohio,Schmidt,8.33,Anti07,18
R,Ohio,Turner,8,Anti07,18
R,Pennsylvania,Peterson.J,4,Anti07,18
R,Pennsylvania,Pitts,6,Anti07,18
R,Tennessee,Duncan,6.12,Anti07,18
R,Tennessee,Wamp,8,Anti07,18
R,Texas,McCaul,8,Anti07,18
R,Utah,Cannon,4.35,Anti07,18
R,Virginia,Drake,10,Anti07,18
R,New.Jersey,Smith.C,84,Pro07,17
R,New.Jersey,Ferguson,60,Pro07,17
R,Washington,Reichtert,60,Pro07,17
R,Alabama,Rogers,12,Anti05,17
R,Arizona,Franks,4.26,Anti05,17
R,Arizona,Shadegg,4.26,Anti05,17
R,Arizona,Hayworth,3.7,Anti05,17
R,California,Pombo,10.34,Anti05,17
R,California,McKeon,8,Anti05,17
R,California,Dreier,12,Anti05,17
R,California,Lewis.Jerry,8,Anti05,17
R,California,Miller.Gary,2.04,Anti05,17
R,California,Issa,2,Anti05,17
R,California,Hunter,4,Anti05,17
R,Colorado,Beauprez,3.45,Anti05,17
R,Georgia,Kingston,6,Anti05,17
R,Georgia,Price.T,6.12,Anti05,17
R,Georgia,Deal,2.04,Anti05,17
R,Georgia,Gingrey,2,Anti05,17
R,Idaho,Simpson,4,Anti05,17
R,Illinois,Hyde,3.45,Anti05,17
R,Indiana,Chocola,3.33,Anti05,17
R,Indiana,Souder,2.04,Anti05,17
R,Indiana,Pence,4,Anti05,17
R,Iowa,Nussle,6.9,Anti05,17
R,Iowa,Latham,4,Anti05,17
R,Kentucky,Whitfield,14,Anti05,17
R,Kentucky,Davis.G,4,Anti05,17
R,Louisiana,Jindal,6,Anti05,17
R,Louisiana,Boustany,2,Anti05,17
R,Michigan,Hoekstra,4,Anti05,17
R,Michigan,Camp,4,Anti05,17
R,Michigan,Upton,28,Anti05,17
R,Michigan,Rogers.Michael.J,6,Anti05,17
R,Michigan,Knollenberg,10,Anti05,17
R,Missouri,Blunt,2.08,Anti05,17
R,Nebraska,Osborne,6.67,Anti05,17
R,New.York,Kuhl,22,Anti05,17
R,Ohio,Turner,8,Anti05,17
R,Ohio,Oxley,0,Anti05,17
R,Ohio,Gillmor,21.28,Anti05,17
R,Ohio,Tiberi,10,Anti05,17
R,Ohio,Pryce.D,18,Anti05,17
R,Oklahoma,Lucas,0,Anti05,17
R,Oklahoma,Istook,0,Anti05,17
R,South.Carolina,Brown.H,6,Anti05,17
R,South.Carolina,Barrett,6,Anti05,17
R,Tennessee,Jenkins,10,Anti05,17
R,Tennessee,Blackburn,4.08,Anti05,17
R,Texas,Gohmert,2.04,Anti05,17
R,Texas,Poe,8,Anti05,17
R,Texas,Johnson.S,2.08,Anti05,17
R,Texas,Hall.R,0,Anti05,17
R,Texas,Hensarling,10,Anti05,17
R,Texas,Culbertson,2.04,Anti05,17
R,Texas,Conaway,0,Anti05,17
R,Texas,DeLay,7.41,Anti05,17
R,Texas,Carter,0,Anti05,17
R,Texas,Sessions.P,0,Anti05,17
R,Virginia,Drake,10,Anti05,17
R,Virginia,Forbes,6,Anti05,17
R,Virginia,Cantor,6,Anti05,17
R,Alabama,Rogers,12,Anti07,17
R,Arizona,Flake,15.56,Anti07,17
R,California,Gallegly,10.2,Anti07,17
R,California,Dreier,12,Anti07,17
R,California,Royce,18.37,Anti07,17
R,California,Lewis.Jerry,8,Anti07,17
R,Florida,Stearns,12,Anti07,17
R,Florida,Keller,16.33,Anti07,17
R,Florida,Bilirakis,16,Anti07,17
R,Illinois,Roskam,15,Anti07,17
R,Illinois,Hastert,10.53,Anti07,17
R,Kentucky,Whitfield,14,Anti07,17
R,Michigan,McCotter,16,Anti07,17
R,Missouri,Emerson,12,Anti07,17
R,Nebraska,Terry,8,Anti07,17
R,Nevada,Heller,15,Anti07,17
R,New.Mexico,Wilson.H,18,Anti07,17
R,North.Carolina,Hayes,10,Anti07,17
R,Ohio,Tiberi,10,Anti07,17
R,Texas,Hensarling,10,Anti07,17
R,Texas,Paul,29.79,Anti07,17
R,Pennsylvania,Sherwood,34.69,Pro07,16
R,Alabama,Bonner,14,Anti05,16
R,Arizona,Kolbe,3.85,Anti05,16
R,California,Radanovich,2.08,Anti05,16
R,California,Gallegly,10.2,Anti05,16
R,California,Calvert,6,Anti05,16
R,California,Bono,22.45,Anti05,16
R,Colorado,Hefley,3.45,Anti05,16
R,Florida,Crenshaw,8,Anti05,16
R,Florida,Brown-Waite,16,Anti05,16
R,Florida,Stearns,12,Anti05,16
R,Florida,Bilirakis,16,Anti05,16
R,Florida,Putnam,8,Anti05,16
R,Florida,Weldon.D,6,Anti05,16
R,Florida,Ros-Lehtinen,24,Anti05,16
R,Florida,Diaz-Balart.L,16.33,Anti05,16
R,Florida,Diaz-Balart.M,34,Anti05,16
R,Georgia,Linder,4,Anti05,16
R,Georgia,Norwood,6.9,Anti05,16
R,Idaho,Otter,10,Anti05,16
R,Michigan,Miller.C,18,Anti05,16
R,Minnesota,Kennedy.M,20,Anti05,16
R,Missouri,Emerson,12,Anti05,16
R,Montana,Rehberg,8,Anti05,16
R,New.Jersey,Garrett,18,Anti05,16
R,New.York,King.P,18.37,Anti05,16
R,New.York,Fossella,20,Anti05,16
R,New.York,Reynolds,8.89,Anti05,16
R,North.Carolina,Foxx,10.2,Anti05,16
R,North.Carolina,Coble,6.25,Anti05,16
R,North.Carolina,Myrick,6.25,Anti05,16
R,North.Carolina,McHenry,4.08,Anti05,16
R,North.Carolina,Taylor.C,6.9,Anti05,16
R,Ohio,Chabot,14,Anti05,16
R,Ohio,Hobson,10.2,Anti05,16
R,Ohio,Ney,13.33,Anti05,16
R,Oregon,Walden,16,Anti05,16
R,Pennsylvania,English,22.45,Anti05,16
R,Tennessee,Wamp,8,Anti05,16
R,West.Virginia,Capito,18,Anti05,16
R,Wisconsin,Ryan.P,18,Anti05,16
R,California,Campbell,21.21,Anti07,16
R,Florida,Brown-Waite,16,Anti07,16
R,Florida,Diaz-Balart.L,16.33,Anti07,16
R,Michigan,Knollenberg,10,Anti07,16
R,New.Jersey,Garrett,18,Anti07,16
R,Ohio,Chabot,14,Anti07,16
R,Ohio,Hobson,10.2,Anti07,16
R,Ohio,Regula,10,Anti07,16
R,Oregon,Walden,16,Anti07,16
R,Pennsylvania,Murphy,12,Anti07,16
R,West.Virginia,Capito,18,Anti07,16
R,Wisconsin,Sensenbrenner,20,Anti07,16
R,Illinois,Johnson.Timothy,76,Pro07,15
R,New.Jersey,Saxton,76,Pro07,15
R,California,Rohrabacher,14,Anti05,15
R,Colorado,Tancredo,10.42,Anti05,15
R,Florida,Miller.J,12,Anti05,15
R,Florida,Harris,20.69,Anti05,15
R,Indiana,Hostettler,6.9,Anti05,15
R,Michigan,McCotter,16,Anti05,15
R,New.Jersey,Ferguson,60,Anti05,15
R,New.York,Sweeney,28.57,Anti05,15
R,Ohio,LaTourette,28.57,Anti05,15
R,Wisconsin,Sensenbrenner,20,Anti05,15
R,Wisconsin,Petri,42,Anti05,15
R,Wyoming,Cubin,2.13,Anti05,15
R,California,Bilbray,23.81,Anti07,15
R,Florida,Buchanan,25,Anti07,15
R,Illinois,Weller,16,Anti07,15
R,Michigan,Miller.C,18,Anti07,15
R,Ohio,Pryce.D,18,Anti07,15
R,South.Carolina,Inglis,30,Anti07,15
R,Wisconsin,Ryan.P,18,Anti07,15
R,Colorado,Shays,93.75,Pro05,14
R,New.Jersey,LoBiondo,84,Pro05,14
R,New.Jersey,Smith.C,84,Pro05,14
R,New.York,Boehlert,80,Pro05,14
R,Michigan,Ehlers,64,Pro07,14
R,New.Jersey,Frelinghuysen,56,Pro07,14
R,Pennsylvania,Gerlach,65.31,Pro07,14
R,Arizona,Flake,15.56,Anti05,14
R,California,Cunningham,6.67,Anti05,14
R,Florida,Keller,16.33,Anti05,14
R,Florida,Mack,14,Anti05,14
R,Florida,Foley,36.67,Anti05,14
R,Florida,Feeney,10.2,Anti05,14
R,Illinois,LaHood,28,Anti05,14
R,New.Mexico,Wilson.H,18,Anti05,14
R,New.York,Walsh,40,Anti05,14
R,Virginia,Davis.Jo.Ann,14.58,Anti05,14
R,Wisconsin,Green.M,26.67,Anti05,14
R,California,Bono,22.45,Anti07,14
R,Florida,Ros-Lehtinen,24,Anti07,14
R,Nevada,Porter,14,Anti07,14
R,New.York,King.P,18.37,Anti07,14
R,New.York,Fossella,20,Anti07,14
R,New.York,Kuhl,22,Anti07,14
R,Illinois,Johnson.Timothy,76,Pro05,13
R,Minnesota,Gutknecht,44.83,Pro05,13
R,New.Jersey,Saxton,76,Pro05,13
R,Florida,Diaz-Balart.M,34,Pro07,13
R,California,Royce,18.37,Anti05,13
R,California,Cox,7.14,Anti05,13
R,Florida,Shaw,36.67,Anti05,13
R,South.Carolina,Inglis,30,Anti05,13
R,Virginia,Goode,10,Anti05,13
R,Virginia,Wolf,40,Anti05,13
R,Washington,Reichtert,60,Anti05,13
R,Florida,Young.B,35.42,Anti07,13
R,Illinois,LaHood,28,Anti07,13
R,Michigan,Upton,28,Anti07,13
R,Pennsylvania,English,22.45,Anti07,13
R,Delaware,Castle,83.67,Pro05,12
R,Maryland,Gilchrest,58,Pro07,12
R,Virginia,Wolf,40,Pro07,12
R,Florida,Young.B,35.42,Anti05,12
R,Michigan,Schwarz.J,41.38,Anti05,12
R,New.Hampshire,Bass,46.67,Anti05,12
R,New.Jersey,Frelinghuysen,56,Anti05,12
R,Pennsylvania,Weldon.C,46.43,Anti05,12
R,Pennsylvania,Platts,44,Anti05,12
R,Virginia,Davis.T,40,Anti05,12
R,Alabama,Aderholt,4,Anti06,12
R,Alaska,Young,4,Anti06,12
R,California,Herger,0,Anti06,12
R,California,Doolittle,2,Anti06,12
R,California,Nunes,0,Anti06,12
R,California,Lewis.Jerry,8,Anti06,12
R,California,Miller.Gary,2.04,Anti06,12
R,California,Issa,2,Anti06,12
R,California,Hunter,4,Anti06,12
R,Colorado,Hefley,3.45,Anti06,12
R,Florida,Mica,2,Anti06,12
R,Florida,Weldon.D,6,Anti06,12
R,Georgia,Linder,4,Anti06,12
R,Georgia,Westmoreland,0,Anti06,12
R,Georgia,Deal,2.04,Anti06,12
R,Georgia,Gingrey,2,Anti06,12
R,Idaho,Simpson,4,Anti06,12
R,Indiana,Chocola,3.33,Anti06,12
R,Indiana,Souder,2.04,Anti06,12
R,Indiana,Buyer,2,Anti06,12
R,Indiana,Pence,4,Anti06,12
R,Indiana,Hostettler,6.9,Anti06,12
R,Iowa,Latham,4,Anti06,12
R,Iowa,King.S,0,Anti06,12
R,Kansas,Ryun.J,0,Anti06,12
R,Kansas,Tiahrt,2,Anti06,12
R,Kentucky,Northrup,0,Anti06,12
R,Louisiana,McCrery,0,Anti06,12
R,Louisiana,Alexander.R,4,Anti06,12
R,Louisiana,Baker,2,Anti06,12
R,Louisiana,Boustany,2,Anti06,12
R,Michigan,Hoekstra,4,Anti06,12
R,Michigan,Knollenberg,10,Anti06,12
R,Mississippi,Wicker,2,Anti06,12
R,Montana,Rehberg,8,Anti06,12
R,New.Mexico,Pearce,0,Anti06,12
R,Ohio,Oxley,0,Anti06,12
R,Ohio,Hobson,10.2,Anti06,12
R,Ohio,Boehner,0,Anti06,12
R,Oklahoma,Lucas,0,Anti06,12
R,Pennsylvania,Peterson.J,4,Anti06,12
R,Tennessee,Wamp,8,Anti06,12
R,Texas,Hall.R,0,Anti06,12
R,Texas,Conaway,0,Anti06,12
R,Texas,Granger,0,Anti06,12
R,Texas,Thornberry,0,Anti06,12
R,Texas,Neugebauer,0,Anti06,12
R,Texas,Bonilla,0,Anti06,12
R,Texas,Marchant,3.92,Anti06,12
R,Texas,Burgess,1.96,Anti06,12
R,Texas,Carter,0,Anti06,12
R,Texas,Sessions.P,0,Anti06,12
R,Virginia,Goode,10,Anti06,12
R,Virginia,Goodlatte,0,Anti06,12
R,Washington,Hastings.D,2,Anti06,12
R,North.Carolina,Jones.W,46.94,Anti07,12
R,Ohio,LaTourette,28.57,Anti07,12
R,Virginia,Davis.T,40,Anti07,12
R,Colorado,Simmons,70,Pro05,11
R,Minnesota,Ramstad,80,Pro05,11
R,Pennsylvania,Fitzpatrick,75.86,Pro05,11
R,Colorado,Shays,93.75,Pro06,11
R,New.Jersey,Smith.C,84,Pro06,11
R,New.York,Kelly,60.87,Pro06,11
R,Pennsylvania,Fitzpatrick,75.86,Pro06,11
R,Illinois,Biggert,30,Pro07,11
R,Pennsylvania,Dent,26,Pro07,11
R,Pennsylvania,Platts,44,Pro07,11
R,Illinois,Kirk,69.39,Anti05,11
R,Maryland,Bartlett,46,Anti05,11
R,Alabama,Everett,6,Anti06,11
R,Alabama,Bachus,4,Anti06,11
R,Arizona,Renzi,6,Anti06,11
R,Arkansas,Boozman,6,Anti06,11
R,California,Lungren,4,Anti06,11
R,California,Radanovich,2.08,Anti06,11
R,California,Thomas.W,3.33,Anti06,11
R,California,Gallegly,10.2,Anti06,11
R,California,McKeon,8,Anti06,11
R,California,Calvert,6,Anti06,11
R,Colorado,Beauprez,3.45,Anti06,11
R,Florida,Miller.J,12,Anti06,11
R,Florida,Crenshaw,8,Anti06,11
R,Florida,Stearns,12,Anti06,11
R,Florida,Putnam,8,Anti06,11
R,Florida,Feeney,10.2,Anti06,11
R,Georgia,Price.T,6.12,Anti06,11
R,Georgia,Norwood,6.9,Anti06,11
R,Idaho,Otter,10,Anti06,11
R,Illinois,Hyde,3.45,Anti06,11
R,Illinois,Manzullo,0,Anti06,11
R,Illinois,Shimkus,4.08,Anti06,11
R,Indiana,Burton,2.04,Anti06,11
R,Indiana,Sodrel,3.33,Anti06,11
R,Kansas,Moran.Jerry,6,Anti06,11
R,Kentucky,Davis.G,4,Anti06,11
R,Louisiana,Jindal,6,Anti06,11
R,Michigan,Camp,4,Anti06,11
R,Michigan,Rogers.Michael.J,6,Anti06,11
R,Minnesota,Gutknecht,44.83,Anti06,11
R,Minnesota,Kline,2,Anti06,11
R,Missouri,Akin,4,Anti06,11
R,Missouri,Graves,4,Anti06,11
R,Missouri,Emerson,12,Anti06,11
R,Missouri,Hulshof,4,Anti06,11
R,Nebraska,Terry,8,Anti06,11
R,Nebraska,Osborne,6.67,Anti06,11
R,Nevada,Gibbons,0,Anti06,11
R,Nevada,Porter,14,Anti06,11
R,North.Carolina,Myrick,6.25,Anti06,11
R,North.Carolina,McHenry,4.08,Anti06,11
R,North.Carolina,Taylor.C,6.9,Anti06,11
R,Ohio,Chabot,14,Anti06,11
R,Ohio,Schmidt,8.33,Anti06,11
R,Ohio,Turner,8,Anti06,11
R,Ohio,Tiberi,10,Anti06,11
R,Ohio,Regula,10,Anti06,11
R,Oklahoma,Cole,2,Anti06,11
R,Oklahoma,Istook,0,Anti06,11
R,Pennsylvania,Shuster,4,Anti06,11
R,Pennsylvania,Pitts,6,Anti06,11
R,South.Carolina,Brown.H,6,Anti06,11
R,South.Carolina,Wilson.J,0,Anti06,11
R,South.Carolina,Barrett,6,Anti06,11
R,Tennessee,Blackburn,4.08,Anti06,11
R,Texas,Gohmert,2.04,Anti06,11
R,Texas,Johnson.S,2.08,Anti06,11
R,Texas,Hensarling,10,Anti06,11
R,Texas,Culbertson,2.04,Anti06,11
R,Texas,Brady.K,2,Anti06,11
R,Utah,Bishop.R,0,Anti06,11
R,Virginia,Forbes,6,Anti06,11
R,Virginia,Cantor,6,Anti06,11
R,Washington,McMorris,2.04,Anti06,11
R,Wyoming,Cubin,2.13,Anti06,11
R,Maryland,Bartlett,46,Anti07,11
R,Nebraska,Fortenberry,24,Anti07,11
R,New.York,McHugh,41.67,Anti07,11
R,New.York,Walsh,40,Anti07,11
R,Colorado,Johnson.N,66.67,Pro05,10
R,Iowa,Leach,62.5,Pro05,10
R,Pennsylvania,Gerlach,65.31,Pro05,10
R,Colorado,Simmons,70,Pro06,10
R,Colorado,Johnson.N,66.67,Pro06,10
R,Delaware,Castle,83.67,Pro06,10
R,Illinois,Johnson.Timothy,76,Pro06,10
R,Minnesota,Ramstad,80,Pro06,10
R,New.Hampshire,Bradley,60,Pro06,10
R,New.Jersey,LoBiondo,84,Pro06,10
R,New.Jersey,Saxton,76,Pro06,10
R,New.Jersey,Ferguson,60,Pro06,10
R,New.York,Boehlert,80,Pro06,10
R,Wisconsin,Petri,42,Pro07,10
R,New.Hampshire,Bradley,60,Anti05,10
R,Ohio,Zportman,0,Anti05,10
R,Alabama,Rogers,12,Anti06,10
R,California,Dreier,12,Anti06,10
R,California,Royce,18.37,Anti06,10
R,California,Rohrabacher,14,Anti06,10
R,Colorado,Tancredo,10.42,Anti06,10
R,Florida,Brown-Waite,16,Anti06,10
R,Florida,Keller,16.33,Anti06,10
R,Florida,Mack,14,Anti06,10
R,Florida,Diaz-Balart.M,34,Anti06,10
R,Georgia,Kingston,6,Anti06,10
R,Iowa,Nussle,6.9,Anti06,10
R,Kentucky,Lewis.R,4,Anti06,10
R,Kentucky,Rogers.H,6,Anti06,10
R,Michigan,Miller.C,18,Anti06,10
R,Michigan,McCotter,16,Anti06,10
R,Mississippi,Pickering,6,Anti06,10
R,Missouri,Blunt,2.08,Anti06,10
R,New.Mexico,Wilson.H,18,Anti06,10
R,New.York,King.P,18.37,Anti06,10
R,New.York,Fossella,20,Anti06,10
R,North.Carolina,Foxx,10.2,Anti06,10
R,North.Carolina,Coble,6.25,Anti06,10
R,North.Carolina,Hayes,10,Anti06,10
R,Ohio,Gillmor,21.28,Anti06,10
R,Ohio,Ney,13.33,Anti06,10
R,Oregon,Walden,16,Anti06,10
R,Pennsylvania,Sherwood,34.69,Anti06,10
R,Pennsylvania,Dent,26,Anti06,10
R,Pennsylvania,Murphy,12,Anti06,10
R,Tennessee,Jenkins,10,Anti06,10
R,Tennessee,Duncan,6.12,Anti06,10
R,Texas,Poe,8,Anti06,10
R,Texas,McCaul,8,Anti06,10
R,Texas,Smith.L,4,Anti06,10
R,Virginia,Drake,10,Anti06,10
R,Wisconsin,Ryan.P,18,Anti06,10
R,Ohio,Gillmor,21.28,Anti07,10
R,Wisconsin,Petri,42,Anti07,10
R,Maryland,Gilchrest,58,Pro05,9
R,Michigan,Ehlers,64,Pro05,9
R,North.Carolina,Jones.W,46.94,Pro05,9
R,Illinois,Kirk,69.39,Pro06,9
R,Michigan,Ehlers,64,Pro06,9
R,Maryland,Bartlett,46,Pro07,9
R,Nebraska,Fortenberry,24,Pro07,9
R,New.York,McHugh,41.67,Pro07,9
R,New.York,Walsh,40,Pro07,9
R,Maryland,Gilchrest,58,Anti05,9
R,Michigan,Ehlers,64,Anti05,9
R,Alabama,Bonner,14,Anti06,9
R,Arizona,Franks,4.26,Anti06,9
R,Arizona,Shadegg,4.26,Anti06,9
R,Arizona,Hayworth,3.7,Anti06,9
R,Arizona,Kolbe,3.85,Anti06,9
R,California,Pombo,10.34,Anti06,9
R,California,Campbell,21.21,Anti06,9
R,Florida,Bilirakis,16,Anti06,9
R,Florida,Diaz-Balart.L,16.33,Anti06,9
R,Illinois,Weller,16,Anti06,9
R,Illinois,LaHood,28,Anti06,9
R,Kentucky,Whitfield,14,Anti06,9
R,Nebraska,Fortenberry,24,Anti06,9
R,New.Jersey,Garrett,18,Anti06,9
R,New.York,McHugh,41.67,Anti06,9
R,Ohio,Pryce.D,18,Anti06,9
R,Oklahoma,Sullivan,6.12,Anti06,9
R,Pennsylvania,English,22.45,Anti06,9
R,Pennsylvania,Hart,10,Anti06,9
R,Texas,Barton,2.08,Anti06,9
R,Texas,Paul,29.79,Anti06,9
R,Virginia,Wolf,40,Anti06,9
R,West.Virginia,Capito,18,Anti06,9
R,Wisconsin,Sensenbrenner,20,Anti06,9
R,Illinois,Biggert,30,Anti07,9
R,Pennsylvania,Dent,26,Anti07,9
R,Pennsylvania,Platts,44,Anti07,9
R,New.Hampshire,Bradley,60,Pro05,8
R,Texas,Paul,29.79,Pro05,8
R,Maryland,Gilchrest,58,Pro06,8
R,New.Hampshire,Bass,46.67,Pro06,8
R,New.Jersey,Frelinghuysen,56,Pro06,8
R,Pennsylvania,Gerlach,65.31,Pro06,8
R,Pennsylvania,Weldon.C,46.43,Pro06,8
R,Washington,Reichtert,60,Pro06,8
R,Wisconsin,Petri,42,Pro06,8
R,North.Carolina,Jones.W,46.94,Pro07,8
R,Ohio,LaTourette,28.57,Pro07,8
R,Virginia,Davis.T,40,Pro07,8
R,Colorado,Johnson.N,66.67,Anti05,8
R,New.York,Kelly,60.87,Anti05,8
R,North.Carolina,Jones.W,46.94,Anti05,8
R,Pennsylvania,Gerlach,65.31,Anti05,8
R,California,Bono,22.45,Anti06,8
R,Florida,Harris,20.69,Anti06,8
R,Florida,Ros-Lehtinen,24,Anti06,8
R,Illinois,Biggert,30,Anti06,8
R,Minnesota,Kennedy.M,20,Anti06,8
R,New.York,Kuhl,22,Anti06,8
R,Ohio,LaTourette,28.57,Anti06,8
R,Texas,DeLay,7.41,Anti06,8
R,Utah,Cannon,4.35,Anti06,8
R,Wisconsin,Green.M,26.67,Anti06,8
R,Maryland,Gilchrest,58,Anti07,8
R,Virginia,Wolf,40,Anti07,8
R,Illinois,Kirk,69.39,Pro05,7
R,Maryland,Bartlett,46,Pro05,7
R,Florida,Foley,36.67,Pro06,7
R,Maryland,Bartlett,46,Pro06,7
R,Michigan,Schwarz.J,41.38,Pro06,7
R,New.York,Walsh,40,Pro06,7
R,Florida,Young.B,35.42,Pro07,7
R,Illinois,LaHood,28,Pro07,7
R,Michigan,Upton,28,Pro07,7
R,Ohio,Gillmor,21.28,Pro07,7
R,Pennsylvania,English,22.45,Pro07,7
R,Colorado,Simmons,70,Anti05,7
R,Iowa,Leach,62.5,Anti05,7
R,Minnesota,Ramstad,80,Anti05,7
R,Pennsylvania,Fitzpatrick,75.86,Anti05,7
R,Texas,Paul,29.79,Anti05,7
R,Arizona,Flake,15.56,Anti06,7
R,Pennsylvania,Platts,44,Anti06,7
R,South.Carolina,Inglis,30,Anti06,7
R,Virginia,Davis.Jo.Ann,14.58,Anti06,7
R,Florida,Diaz-Balart.M,34,Anti07,7
R,Georgia,Broun,0,Anti07,7
R,New.Hampshire,Bass,46.67,Pro05,6
R,New.Jersey,Frelinghuysen,56,Pro05,6
R,Pennsylvania,Platts,44,Pro05,6
R,Virginia,Davis.T,40,Pro05,6
R,Florida,Young.B,35.42,Pro06,6
R,Florida,Shaw,36.67,Pro06,6
R,Michigan,Upton,28,Pro06,6
R,North.Carolina,Jones.W,46.94,Pro06,6
R,Virginia,Davis.T,40,Pro06,6
R,California,Bono,22.45,Pro07,6
R,Florida,Ros-Lehtinen,24,Pro07,6
R,Nevada,Porter,14,Pro07,6
R,New.York,King.P,18.37,Pro07,6
R,New.York,Fossella,20,Pro07,6
R,New.York,Kuhl,22,Pro07,6
R,Colorado,Musgrave,4.44,Anti06,6
R,Florida,Young.B,35.42,Anti06,6
R,Florida,Shaw,36.67,Anti06,6
R,Michigan,Upton,28,Anti06,6
R,New.York,Reynolds,8.89,Anti06,6
R,North.Carolina,Jones.W,46.94,Anti06,6
R,Virginia,Davis.T,40,Anti06,6
R,Michigan,Ehlers,64,Anti07,6
R,New.Jersey,Frelinghuysen,56,Anti07,6
R,Pennsylvania,Gerlach,65.31,Anti07,6
R,Florida,Shaw,36.67,Pro05,5
R,Michigan,Schwarz.J,41.38,Pro05,5
R,Pennsylvania,Weldon.C,46.43,Pro05,5
R,South.Carolina,Inglis,30,Pro05,5
R,Virginia,Goode,10,Pro05,5
R,Virginia,Wolf,40,Pro05,5
R,Washington,Reichtert,60,Pro05,5
R,Iowa,Leach,62.5,Pro06,5
R,New.York,Sweeney,28.57,Pro06,5
R,Pennsylvania,Platts,44,Pro06,5
R,South.Carolina,Inglis,30,Pro06,5
R,Virginia,Davis.Jo.Ann,14.58,Pro06,5
R,California,Bilbray,23.81,Pro07,5
R,Florida,Buchanan,25,Pro07,5
R,Illinois,Weller,16,Pro07,5
R,Michigan,Miller.C,18,Pro07,5
R,Ohio,Pryce.D,18,Pro07,5
R,South.Carolina,Inglis,30,Pro07,5
R,Wisconsin,Ryan.P,18,Pro07,5
R,Delaware,Castle,83.67,Anti05,5
R,Illinois,Johnson.Timothy,76,Anti05,5
R,Minnesota,Gutknecht,44.83,Anti05,5
R,New.Jersey,Saxton,76,Anti05,5
R,Florida,Foley,36.67,Anti06,5
R,Maryland,Bartlett,46,Anti06,5
R,Michigan,Schwarz.J,41.38,Anti06,5
R,New.York,Sweeney,28.57,Anti06,5
R,New.York,Walsh,40,Anti06,5
R,Illinois,Johnson.Timothy,76,Anti07,5
R,New.Jersey,Saxton,76,Anti07,5
R,California,Royce,18.37,Pro05,4
R,Florida,Young.B,35.42,Pro05,4
R,Florida,Mack,14,Pro05,4
R,Florida,Foley,36.67,Pro05,4
R,Illinois,LaHood,28,Pro05,4
R,New.Mexico,Wilson.H,18,Pro05,4
R,New.York,Walsh,40,Pro05,4
R,Wisconsin,Green.M,26.67,Pro05,4
R,Florida,Ros-Lehtinen,24,Pro06,4
R,Illinois,Biggert,30,Pro06,4
R,Minnesota,Kennedy.M,20,Pro06,4
R,New.York,Kuhl,22,Pro06,4
R,Ohio,LaTourette,28.57,Pro06,4
R,Wisconsin,Green.M,26.67,Pro06,4
R,California,Campbell,21.21,Pro07,4
R,Florida,Brown-Waite,16,Pro07,4
R,Florida,Diaz-Balart.L,16.33,Pro07,4
R,Michigan,Knollenberg,10,Pro07,4
R,New.Jersey,Garrett,18,Pro07,4
R,Ohio,Chabot,14,Pro07,4
R,Ohio,Hobson,10.2,Pro07,4
R,Ohio,Regula,10,Pro07,4
R,Oregon,Walden,16,Pro07,4
R,Pennsylvania,Murphy,12,Pro07,4
R,West.Virginia,Capito,18,Pro07,4
R,Wisconsin,Sensenbrenner,20,Pro07,4
R,New.Jersey,LoBiondo,84,Anti05,4
R,New.Jersey,Smith.C,84,Anti05,4
R,New.York,Boehlert,80,Anti05,4
R,Ohio,Schmidt,8.33,Anti05,4
R,Maryland,Gilchrest,58,Anti06,4
R,New.Hampshire,Bass,46.67,Anti06,4
R,New.Jersey,Frelinghuysen,56,Anti06,4
R,Washington,Reichtert,60,Anti06,4
R,Wisconsin,Petri,42,Anti06,4
R,Pennsylvania,Sherwood,34.69,Anti07,4
R,Arizona,Flake,15.56,Pro05,3
R,California,Rohrabacher,14,Pro05,3
R,Florida,Miller.J,12,Pro05,3
R,Florida,Keller,16.33,Pro05,3
R,Florida,Harris,20.69,Pro05,3
R,Florida,Feeney,10.2,Pro05,3
R,Michigan,McCotter,16,Pro05,3
R,New.Jersey,Ferguson,60,Pro05,3
R,New.York,Kelly,60.87,Pro05,3
R,New.York,Sweeney,28.57,Pro05,3
R,New.York,McHugh,41.67,Pro05,3
R,Wisconsin,Sensenbrenner,20,Pro05,3
R,Wisconsin,Petri,42,Pro05,3
R,Alabama,Bonner,14,Pro06,3
R,California,Bono,22.45,Pro06,3
R,California,Campbell,21.21,Pro06,3
R,Florida,Bilirakis,16,Pro06,3
R,Florida,Harris,20.69,Pro06,3
R,Illinois,Weller,16,Pro06,3
R,Illinois,LaHood,28,Pro06,3
R,Kentucky,Whitfield,14,Pro06,3
R,Nebraska,Fortenberry,24,Pro06,3
R,New.Jersey,Garrett,18,Pro06,3
R,New.York,McHugh,41.67,Pro06,3
R,Ohio,Pryce.D,18,Pro06,3
R,Pennsylvania,English,22.45,Pro06,3
R,Pennsylvania,Hart,10,Pro06,3
R,Texas,Paul,29.79,Pro06,3
R,Virginia,Wolf,40,Pro06,3
R,West.Virginia,Capito,18,Pro06,3
R,Wisconsin,Sensenbrenner,20,Pro06,3
R,Alabama,Rogers,12,Pro07,3
R,Arizona,Flake,15.56,Pro07,3
R,California,Gallegly,10.2,Pro07,3
R,California,Dreier,12,Pro07,3
R,California,Royce,18.37,Pro07,3
R,California,Lewis.Jerry,8,Pro07,3
R,Florida,Stearns,12,Pro07,3
R,Florida,Keller,16.33,Pro07,3
R,Florida,Bilirakis,16,Pro07,3
R,Illinois,Roskam,15,Pro07,3
R,Kentucky,Whitfield,14,Pro07,3
R,Michigan,McCotter,16,Pro07,3
R,Missouri,Emerson,12,Pro07,3
R,Nebraska,Terry,8,Pro07,3
R,Nevada,Heller,15,Pro07,3
R,New.Mexico,Wilson.H,18,Pro07,3
R,North.Carolina,Hayes,10,Pro07,3
R,Ohio,Tiberi,10,Pro07,3
R,Texas,Hensarling,10,Pro07,3
R,Texas,Paul,29.79,Pro07,3
R,Michigan,Ehlers,64,Anti06,3
R,Pennsylvania,Gerlach,65.31,Anti06,3
R,Pennsylvania,Weldon.C,46.43,Anti06,3
R,New.Jersey,Smith.C,84,Anti07,3
R,New.Jersey,Ferguson,60,Anti07,3
R,Washington,Reichtert,60,Anti07,3
R,Alabama,Bonner,14,Pro05,2
R,California,Calvert,6,Pro05,2
R,California,Bono,22.45,Pro05,2
R,Colorado,Tancredo,10.42,Pro05,2
R,Florida,Crenshaw,8,Pro05,2
R,Florida,Brown-Waite,16,Pro05,2
R,Florida,Stearns,12,Pro05,2
R,Florida,Bilirakis,16,Pro05,2
R,Florida,Putnam,8,Pro05,2
R,Florida,Weldon.D,6,Pro05,2
R,Florida,Ros-Lehtinen,24,Pro05,2
R,Florida,Diaz-Balart.L,16.33,Pro05,2
R,Florida,Diaz-Balart.M,34,Pro05,2
R,Georgia,Linder,4,Pro05,2
R,Idaho,Otter,10,Pro05,2
R,Indiana,Hostettler,6.9,Pro05,2
R,Michigan,Miller.C,18,Pro05,2
R,Minnesota,Kennedy.M,20,Pro05,2
R,Missouri,Emerson,12,Pro05,2
R,Montana,Rehberg,8,Pro05,2
R,New.Jersey,Garrett,18,Pro05,2
R,New.York,King.P,18.37,Pro05,2
R,New.York,Fossella,20,Pro05,2
R,New.York,Reynolds,8.89,Pro05,2
R,North.Carolina,Foxx,10.2,Pro05,2
R,North.Carolina,McHenry,4.08,Pro05,2
R,Ohio,Chabot,14,Pro05,2
R,Ohio,LaTourette,28.57,Pro05,2
R,Ohio,Ney,13.33,Pro05,2
R,Oregon,Walden,16,Pro05,2
R,Tennessee,Wamp,8,Pro05,2
R,Virginia,Davis.Jo.Ann,14.58,Pro05,2
R,West.Virginia,Capito,18,Pro05,2
R,Wisconsin,Ryan.P,18,Pro05,2
R,Alabama,Rogers,12,Pro06,2
R,California,Pombo,10.34,Pro06,2
R,California,Dreier,12,Pro06,2
R,California,Royce,18.37,Pro06,2
R,California,Rohrabacher,14,Pro06,2
R,Florida,Brown-Waite,16,Pro06,2
R,Florida,Keller,16.33,Pro06,2
R,Florida,Mack,14,Pro06,2
R,Florida,Diaz-Balart.L,16.33,Pro06,2
R,Florida,Diaz-Balart.M,34,Pro06,2
R,Georgia,Kingston,6,Pro06,2
R,Kentucky,Lewis.R,4,Pro06,2
R,Kentucky,Rogers.H,6,Pro06,2
R,Michigan,Miller.C,18,Pro06,2
R,Michigan,McCotter,16,Pro06,2
R,Mississippi,Pickering,6,Pro06,2
R,New.Mexico,Wilson.H,18,Pro06,2
R,New.York,Fossella,20,Pro06,2
R,North.Carolina,Hayes,10,Pro06,2
R,Ohio,Gillmor,21.28,Pro06,2
R,Ohio,Ney,13.33,Pro06,2
R,Oklahoma,Sullivan,6.12,Pro06,2
R,Oregon,Walden,16,Pro06,2
R,Pennsylvania,Dent,26,Pro06,2
R,Pennsylvania,Murphy,12,Pro06,2
R,Tennessee,Jenkins,10,Pro06,2
R,Texas,Poe,8,Pro06,2
R,Texas,McCaul,8,Pro06,2
R,Texas,Smith.L,4,Pro06,2
R,Virginia,Drake,10,Pro06,2
R,Wisconsin,Ryan.P,18,Pro06,2
R,Alabama,Bonner,14,Pro07,2
R,Alabama,Everett,6,Pro07,2
R,Alabama,Aderholt,4,Pro07,2
R,Alaska,Young,4,Pro07,2
R,Arizona,Renzi,6,Pro07,2
R,Arkansas,Boozman,6,Pro07,2
R,California,McKeon,8,Pro07,2
R,California,Rohrabacher,14,Pro07,2
R,Colorado,Tancredo,10.42,Pro07,2
R,Florida,Miller.J,12,Pro07,2
R,Georgia,Price.T,6.12,Pro07,2
R,Illinois,Hastert,10.53,Pro07,2
R,Illinois,Shimkus,4.08,Pro07,2
R,Kansas,Moran.Jerry,6,Pro07,2
R,Louisiana,Alexander.R,4,Pro07,2
R,Montana,Rehberg,8,Pro07,2
R,North.Carolina,Foxx,10.2,Pro07,2
R,North.Carolina,Myrick,6.25,Pro07,2
R,Ohio,Schmidt,8.33,Pro07,2
R,Ohio,Turner,8,Pro07,2
R,Pennsylvania,Peterson.J,4,Pro07,2
R,Pennsylvania,Pitts,6,Pro07,2
R,Tennessee,Davis.David,100,Pro07,2
R,Tennessee,Duncan,6.12,Pro07,2
R,Tennessee,Wamp,8,Pro07,2
R,Texas,McCaul,8,Pro07,2
R,Utah,Cannon,4.35,Pro07,2
R,Virginia,Drake,10,Pro07,2
R,Colorado,Shays,93.75,Anti05,2
R,Colorado,Simmons,70,Anti06,2
R,Colorado,Johnson.N,66.67,Anti06,2
R,Delaware,Castle,83.67,Anti06,2
R,Illinois,Kirk,69.39,Anti06,2
R,Illinois,Johnson.Timothy,76,Anti06,2
R,Iowa,Leach,62.5,Anti06,2
R,Minnesota,Ramstad,80,Anti06,2
R,New.Hampshire,Bradley,60,Anti06,2
R,New.Jersey,LoBiondo,84,Anti06,2
R,New.Jersey,Saxton,76,Anti06,2
R,New.Jersey,Ferguson,60,Anti06,2
R,New.York,Boehlert,80,Anti06,2
R,Illinois,Kirk,69.39,Anti07,2
R,New.Jersey,LoBiondo,84,Anti07,2
R,Alabama,Rogers,12,Pro05,1
R,Arizona,Franks,4.26,Pro05,1
R,Arizona,Shadegg,4.26,Pro05,1
R,Arizona,Hayworth,3.7,Pro05,1
R,Arizona,Kolbe,3.85,Pro05,1
R,California,Pombo,10.34,Pro05,1
R,California,Radanovich,2.08,Pro05,1
R,California,Gallegly,10.2,Pro05,1
R,California,McKeon,8,Pro05,1
R,California,Dreier,12,Pro05,1
R,California,Lewis.Jerry,8,Pro05,1
R,California,Cox,7.14,Pro05,1
R,California,Issa,2,Pro05,1
R,California,Cunningham,6.67,Pro05,1
R,California,Hunter,4,Pro05,1
R,Colorado,Hefley,3.45,Pro05,1
R,Georgia,Kingston,6,Pro05,1
R,Georgia,Norwood,6.9,Pro05,1
R,Georgia,Gingrey,2,Pro05,1
R,Idaho,Simpson,4,Pro05,1
R,Indiana,Chocola,3.33,Pro05,1
R,Indiana,Pence,4,Pro05,1
R,Iowa,Nussle,6.9,Pro05,1
R,Iowa,Latham,4,Pro05,1
R,Kentucky,Whitfield,14,Pro05,1
R,Kentucky,Davis.G,4,Pro05,1
R,Louisiana,Jindal,6,Pro05,1
R,Louisiana,Boustany,2,Pro05,1
R,Michigan,Hoekstra,4,Pro05,1
R,Michigan,Camp,4,Pro05,1
R,Michigan,Upton,28,Pro05,1
R,Michigan,Rogers.Michael.J,6,Pro05,1
R,Michigan,Knollenberg,10,Pro05,1
R,Missouri,Blunt,2.08,Pro05,1
R,Nebraska,Osborne,6.67,Pro05,1
R,New.York,Kuhl,22,Pro05,1
R,North.Carolina,Coble,6.25,Pro05,1
R,North.Carolina,Myrick,6.25,Pro05,1
R,North.Carolina,Taylor.C,6.9,Pro05,1
R,Ohio,Turner,8,Pro05,1
R,Ohio,Gillmor,21.28,Pro05,1
R,Ohio,Hobson,10.2,Pro05,1
R,Ohio,Tiberi,10,Pro05,1
R,Ohio,Pryce.D,18,Pro05,1
R,Pennsylvania,English,22.45,Pro05,1
R,South.Carolina,Brown.H,6,Pro05,1
R,South.Carolina,Barrett,6,Pro05,1
R,Tennessee,Jenkins,10,Pro05,1
R,Tennessee,Blackburn,4.08,Pro05,1
R,Texas,Gohmert,2.04,Pro05,1
R,Texas,Poe,8,Pro05,1
R,Texas,Hensarling,10,Pro05,1
R,Texas,DeLay,7.41,Pro05,1
R,Virginia,Drake,10,Pro05,1
R,Virginia,Forbes,6,Pro05,1
R,Virginia,Cantor,6,Pro05,1
R,Wyoming,Cubin,2.13,Pro05,1
R,Alabama,Everett,6,Pro06,1
R,Alabama,Bachus,4,Pro06,1
R,Arizona,Renzi,6,Pro06,1
R,Arizona,Flake,15.56,Pro06,1
R,Arkansas,Boozman,6,Pro06,1
R,California,Lungren,4,Pro06,1
R,California,Thomas.W,3.33,Pro06,1
R,California,Gallegly,10.2,Pro06,1
R,California,McKeon,8,Pro06,1
R,California,Calvert,6,Pro06,1
R,Colorado,Musgrave,4.44,Pro06,1
R,Colorado,Tancredo,10.42,Pro06,1
R,Colorado,Beauprez,3.45,Pro06,1
R,Florida,Miller.J,12,Pro06,1
R,Florida,Crenshaw,8,Pro06,1
R,Florida,Stearns,12,Pro06,1
R,Florida,Putnam,8,Pro06,1
R,Florida,Feeney,10.2,Pro06,1
R,Georgia,Price.T,6.12,Pro06,1
R,Georgia,Norwood,6.9,Pro06,1
R,Idaho,Otter,10,Pro06,1
R,Illinois,Hyde,3.45,Pro06,1
R,Indiana,Sodrel,3.33,Pro06,1
R,Iowa,Nussle,6.9,Pro06,1
R,Kansas,Moran.Jerry,6,Pro06,1
R,Kentucky,Davis.G,4,Pro06,1
R,Louisiana,Jindal,6,Pro06,1
R,Michigan,Camp,4,Pro06,1
R,Michigan,Rogers.Michael.J,6,Pro06,1
R,Minnesota,Kline,2,Pro06,1
R,Missouri,Akin,4,Pro06,1
R,Missouri,Graves,4,Pro06,1
R,Missouri,Emerson,12,Pro06,1
R,Missouri,Hulshof,4,Pro06,1
R,Nebraska,Terry,8,Pro06,1
R,Nebraska,Osborne,6.67,Pro06,1
R,Nevada,Porter,14,Pro06,1
R,New.York,King.P,18.37,Pro06,1
R,New.York,Reynolds,8.89,Pro06,1
R,North.Carolina,Foxx,10.2,Pro06,1
R,North.Carolina,Coble,6.25,Pro06,1
R,North.Carolina,Taylor.C,6.9,Pro06,1
R,Ohio,Chabot,14,Pro06,1
R,Ohio,Schmidt,8.33,Pro06,1
R,Ohio,Turner,8,Pro06,1
R,Ohio,Tiberi,10,Pro06,1
R,Ohio,Regula,10,Pro06,1
R,Oklahoma,Cole,2,Pro06,1
R,Pennsylvania,Shuster,4,Pro06,1
R,Pennsylvania,Sherwood,34.69,Pro06,1
R,Pennsylvania,Pitts,6,Pro06,1
R,South.Carolina,Brown.H,6,Pro06,1
R,South.Carolina,Barrett,6,Pro06,1
R,Tennessee,Duncan,6.12,Pro06,1
R,Texas,Hensarling,10,Pro06,1
R,Texas,Barton,2.08,Pro06,1
R,Texas,Culbertson,2.04,Pro06,1
R,Texas,Brady.K,2,Pro06,1
R,Texas,DeLay,7.41,Pro06,1
R,Texas,Marchant,3.92,Pro06,1
R,Texas,Burgess,1.96,Pro06,1
R,Virginia,Forbes,6,Pro06,1
R,Virginia,Cantor,6,Pro06,1
R,Alabama,Bachus,4,Pro07,1
R,Arizona,Franks,4.26,Pro07,1
R,Arizona,Shadegg,4.26,Pro07,1
R,California,Lungren,4,Pro07,1
R,California,Doolittle,2,Pro07,1
R,California,Miller.Gary,2.04,Pro07,1
R,California,Hunter,4,Pro07,1
R,Colorado,Musgrave,4.44,Pro07,1
R,Colorado,Lamborn,5,Pro07,1
R,Florida,Crenshaw,8,Pro07,1
R,Florida,Mica,2,Pro07,1
R,Florida,Putnam,8,Pro07,1
R,Florida,Mack,14,Pro07,1
R,Florida,Weldon.D,6,Pro07,1
R,Florida,Feeney,10.2,Pro07,1
R,Georgia,Deal,2.04,Pro07,1
R,Idaho,Simpson,4,Pro07,1
R,Indiana,Souder,2.04,Pro07,1
R,Indiana,Buyer,2,Pro07,1
R,Indiana,Burton,2.04,Pro07,1
R,Indiana,Pence,4,Pro07,1
R,Iowa,Latham,4,Pro07,1
R,Kansas,Tiahrt,2,Pro07,1
R,Kentucky,Rogers.H,6,Pro07,1
R,Louisiana,Jindal,6,Pro07,1
R,Louisiana,Baker,2,Pro07,1
R,Michigan,Hoekstra,4,Pro07,1
R,Michigan,Walberg,5,Pro07,1
R,Michigan,Rogers.Michael.J,6,Pro07,1
R,Mississippi,Wicker,2,Pro07,1
R,Mississippi,Pickering,6,Pro07,1
R,Missouri,Akin,4,Pro07,1
R,Missouri,Graves,4,Pro07,1
R,Missouri,Hulshof,4,Pro07,1
R,Nebraska,Smith.Adrian,5,Pro07,1
R,New.York,Reynolds,8.89,Pro07,1
R,North.Carolina,Coble,6.25,Pro07,1
R,Ohio,Jordon,5,Pro07,1
R,Oklahoma,Sullivan,6.12,Pro07,1
R,Pennsylvania,Shuster,4,Pro07,1
R,South.Carolina,Brown.H,6,Pro07,1
R,South.Carolina,Barrett,6,Pro07,1
R,Tennessee,Blackburn,4.08,Pro07,1
R,Texas,Poe,8,Pro07,1
R,Texas,Johnson.S,2.08,Pro07,1
R,Texas,Marchant,3.92,Pro07,1
R,Virginia,Forbes,6,Pro07,1
R,Virginia,Cantor,6,Pro07,1
R,Washington,Hastings.D,2,Pro07,1
R,Washington,McMorris,2.04,Pro07,1
R,California,Campbell,21.21,Anti05,1
R,New.York,McHugh,41.67,Anti05,1
R,California,Bilbray,23.81,Anti06,1
R,Colorado,Shays,93.75,Anti06,1
R,New.Jersey,Smith.C,84,Anti06,1
R,New.York,Kelly,60.87,Anti06,1
R,Delaware,Castle,83.67,Anti07,1
R,Minnesota,Ramstad,80,Anti07,1
R,Alabama,Everett,6,Pro05,0
R,Alabama,Aderholt,4,Pro05,0
R,Alabama,Bachus,4,Pro05,0
R,Alaska,Young,4,Pro05,0
R,Arizona,Renzi,6,Pro05,0
R,Arkansas,Boozman,6,Pro05,0
R,California,Herger,0,Pro05,0
R,California,Lungren,4,Pro05,0
R,California,Doolittle,2,Pro05,0
R,California,Nunes,0,Pro05,0
R,California,Thomas.W,3.33,Pro05,0
R,California,Miller.Gary,2.04,Pro05,0
R,California,Campbell,21.21,Pro05,0
R,Colorado,Musgrave,4.44,Pro05,0
R,Colorado,Beauprez,3.45,Pro05,0
R,Florida,Mica,2,Pro05,0
R,Georgia,Price.T,6.12,Pro05,0
R,Georgia,Westmoreland,0,Pro05,0
R,Georgia,Deal,2.04,Pro05,0
R,Illinois,Hyde,3.45,Pro05,0
R,Illinois,Weller,16,Pro05,0
R,Illinois,Biggert,30,Pro05,0
R,Illinois,Hastert,10.53,Pro05,0
R,Illinois,Manzullo,0,Pro05,0
R,Illinois,Shimkus,4.08,Pro05,0
R,Indiana,Souder,2.04,Pro05,0
R,Indiana,Buyer,2,Pro05,0
R,Indiana,Burton,2.04,Pro05,0
R,Indiana,Sodrel,3.33,Pro05,0
R,Iowa,King.S,0,Pro05,0
R,Kansas,Moran.Jerry,6,Pro05,0
R,Kansas,Ryun.J,0,Pro05,0
R,Kansas,Tiahrt,2,Pro05,0
R,Kentucky,Lewis.R,4,Pro05,0
R,Kentucky,Northrup,0,Pro05,0
R,Kentucky,Rogers.H,6,Pro05,0
R,Louisiana,McCrery,0,Pro05,0
R,Louisiana,Alexander.R,4,Pro05,0
R,Louisiana,Baker,2,Pro05,0
R,Minnesota,Kline,2,Pro05,0
R,Mississippi,Wicker,2,Pro05,0
R,Mississippi,Pickering,6,Pro05,0
R,Missouri,Akin,4,Pro05,0
R,Missouri,Graves,4,Pro05,0
R,Missouri,Hulshof,4,Pro05,0
R,Nebraska,Fortenberry,24,Pro05,0
R,Nebraska,Terry,8,Pro05,0
R,Nevada,Gibbons,0,Pro05,0
R,Nevada,Porter,14,Pro05,0
R,New.Mexico,Pearce,0,Pro05,0
R,North.Carolina,Hayes,10,Pro05,0
R,Ohio,Zportman,0,Pro05,0
R,Ohio,Schmidt,8.33,Pro05,0
R,Ohio,Oxley,0,Pro05,0
R,Ohio,Boehner,0,Pro05,0
R,Ohio,Regula,10,Pro05,0
R,Oklahoma,Sullivan,6.12,Pro05,0
R,Oklahoma,Lucas,0,Pro05,0
R,Oklahoma,Cole,2,Pro05,0
R,Oklahoma,Istook,0,Pro05,0
R,Pennsylvania,Hart,10,Pro05,0
R,Pennsylvania,Peterson.J,4,Pro05,0
R,Pennsylvania,Shuster,4,Pro05,0
R,Pennsylvania,Sherwood,34.69,Pro05,0
R,Pennsylvania,Dent,26,Pro05,0
R,Pennsylvania,Pitts,6,Pro05,0
R,Pennsylvania,Murphy,12,Pro05,0
R,South.Carolina,Wilson.J,0,Pro05,0
R,Tennessee,Duncan,6.12,Pro05,0
R,Texas,Johnson.S,2.08,Pro05,0
R,Texas,Hall.R,0,Pro05,0
R,Texas,Barton,2.08,Pro05,0
R,Texas,Culbertson,2.04,Pro05,0
R,Texas,Brady.K,2,Pro05,0
R,Texas,McCaul,8,Pro05,0
R,Texas,Conaway,0,Pro05,0
R,Texas,Granger,0,Pro05,0
R,Texas,Thornberry,0,Pro05,0
R,Texas,Neugebauer,0,Pro05,0
R,Texas,Smith.L,4,Pro05,0
R,Texas,Bonilla,0,Pro05,0
R,Texas,Marchant,3.92,Pro05,0
R,Texas,Burgess,1.96,Pro05,0
R,Texas,Carter,0,Pro05,0
R,Texas,Sessions.P,0,Pro05,0
R,Utah,Bishop.R,0,Pro05,0
R,Utah,Cannon,4.35,Pro05,0
R,Virginia,Goodlatte,0,Pro05,0
R,Washington,Hastings.D,2,Pro05,0
R,Washington,McMorris,2.04,Pro05,0
R,Alabama,Aderholt,4,Pro06,0
R,Alaska,Young,4,Pro06,0
R,Arizona,Franks,4.26,Pro06,0
R,Arizona,Shadegg,4.26,Pro06,0
R,Arizona,Hayworth,3.7,Pro06,0
R,Arizona,Kolbe,3.85,Pro06,0
R,California,Herger,0,Pro06,0
R,California,Doolittle,2,Pro06,0
R,California,Radanovich,2.08,Pro06,0
R,California,Nunes,0,Pro06,0
R,California,Lewis.Jerry,8,Pro06,0
R,California,Miller.Gary,2.04,Pro06,0
R,California,Issa,2,Pro06,0
R,California,Bilbray,23.81,Pro06,0
R,California,Hunter,4,Pro06,0
R,Colorado,Hefley,3.45,Pro06,0
R,Florida,Mica,2,Pro06,0
R,Florida,Weldon.D,6,Pro06,0
R,Georgia,Linder,4,Pro06,0
R,Georgia,Westmoreland,0,Pro06,0
R,Georgia,Deal,2.04,Pro06,0
R,Georgia,Gingrey,2,Pro06,0
R,Idaho,Simpson,4,Pro06,0
R,Illinois,Hastert,10.53,Pro06,0
R,Illinois,Manzullo,0,Pro06,0
R,Illinois,Shimkus,4.08,Pro06,0
R,Indiana,Chocola,3.33,Pro06,0
R,Indiana,Souder,2.04,Pro06,0
R,Indiana,Buyer,2,Pro06,0
R,Indiana,Burton,2.04,Pro06,0
R,Indiana,Pence,4,Pro06,0
R,Indiana,Hostettler,6.9,Pro06,0
R,Iowa,Latham,4,Pro06,0
R,Iowa,King.S,0,Pro06,0
R,Kansas,Ryun.J,0,Pro06,0
R,Kansas,Tiahrt,2,Pro06,0
R,Kentucky,Northrup,0,Pro06,0
R,Louisiana,McCrery,0,Pro06,0
R,Louisiana,Alexander.R,4,Pro06,0
R,Louisiana,Baker,2,Pro06,0
R,Louisiana,Boustany,2,Pro06,0
R,Michigan,Hoekstra,4,Pro06,0
R,Michigan,Knollenberg,10,Pro06,0
R,Minnesota,Gutknecht,44.83,Pro06,0
R,Mississippi,Wicker,2,Pro06,0
R,Missouri,Blunt,2.08,Pro06,0
R,Montana,Rehberg,8,Pro06,0
R,Nevada,Gibbons,0,Pro06,0
R,New.Mexico,Pearce,0,Pro06,0
R,North.Carolina,Myrick,6.25,Pro06,0
R,North.Carolina,McHenry,4.08,Pro06,0
R,Ohio,Oxley,0,Pro06,0
R,Ohio,Hobson,10.2,Pro06,0
R,Ohio,Boehner,0,Pro06,0
R,Oklahoma,Lucas,0,Pro06,0
R,Oklahoma,Istook,0,Pro06,0
R,Pennsylvania,Peterson.J,4,Pro06,0
R,South.Carolina,Wilson.J,0,Pro06,0
R,Tennessee,Wamp,8,Pro06,0
R,Tennessee,Blackburn,4.08,Pro06,0
R,Texas,Gohmert,2.04,Pro06,0
R,Texas,Johnson.S,2.08,Pro06,0
R,Texas,Hall.R,0,Pro06,0
R,Texas,Conaway,0,Pro06,0
R,Texas,Granger,0,Pro06,0
R,Texas,Thornberry,0,Pro06,0
R,Texas,Neugebauer,0,Pro06,0
R,Texas,Bonilla,0,Pro06,0
R,Texas,Carter,0,Pro06,0
R,Texas,Sessions.P,0,Pro06,0
R,Utah,Bishop.R,0,Pro06,0
R,Utah,Cannon,4.35,Pro06,0
R,Virginia,Goode,10,Pro06,0
R,Virginia,Goodlatte,0,Pro06,0
R,Washington,Hastings.D,2,Pro06,0
R,Washington,McMorris,2.04,Pro06,0
R,Wyoming,Cubin,2.13,Pro06,0
R,California,Herger,0,Pro07,0
R,California,Radanovich,2.08,Pro07,0
R,California,Nunes,0,Pro07,0
R,California,McCarthy.K,0,Pro07,0
R,California,Calvert,6,Pro07,0
R,California,Issa,2,Pro07,0
R,Georgia,Kingston,6,Pro07,0
R,Georgia,Linder,4,Pro07,0
R,Georgia,Westmoreland,0,Pro07,0
R,Georgia,Broun,0,Pro07,0
R,Georgia,Gingrey,2,Pro07,0
R,Idaho,Sali,0,Pro07,0
R,Illinois,Manzullo,0,Pro07,0
R,Iowa,King.S,0,Pro07,0
R,Kentucky,Lewis.R,4,Pro07,0
R,Kentucky,Davis.G,4,Pro07,0
R,Louisiana,McCrery,0,Pro07,0
R,Louisiana,Boustany,2,Pro07,0
R,Michigan,Camp,4,Pro07,0
R,Minnesota,Kline,2,Pro07,0
R,Minnesota,Bachmann,0,Pro07,0
R,Missouri,Blunt,2.08,Pro07,0
R,New.Mexico,Pearce,0,Pro07,0
R,North.Carolina,McHenry,4.08,Pro07,0
R,Ohio,Boehner,0,Pro07,0
R,Oklahoma,Lucas,0,Pro07,0
R,Oklahoma,Cole,2,Pro07,0
R,South.Carolina,Wilson.J,0,Pro07,0
R,Texas,Gohmert,2.04,Pro07,0
R,Texas,Hall.R,0,Pro07,0
R,Texas,Barton,2.08,Pro07,0
R,Texas,Culbertson,2.04,Pro07,0
R,Texas,Brady.K,2,Pro07,0
R,Texas,Conaway,0,Pro07,0
R,Texas,Granger,0,Pro07,0
R,Texas,Thornberry,0,Pro07,0
R,Texas,Neugebauer,0,Pro07,0
R,Texas,Smith.L,4,Pro07,0
R,Texas,Burgess,1.96,Pro07,0
R,Texas,Carter,0,Pro07,0
R,Texas,Sessions.P,0,Pro07,0
R,Utah,Bishop.R,0,Pro07,0
R,Virginia,Davis.Jo.Ann,14.58,Pro07,0
R,Virginia,Goode,10,Pro07,0
R,Virginia,Goodlatte,0,Pro07,0
R,Wyoming,Cubin,2.13,Pro07,0
R,Illinois,Hastert,10.53,Anti05,0
R,Illinois,Hastert,10.53,Anti06,0
R,Pennsylvania,Fitzpatrick,75.86,Anti06,0
R,Colorado,Shays,93.75,Anti07,0
